prediction_0_for_<=50K_1_for_>50K,target
9.8967015e-05,0
0.28615424,1
0.37166202,0
0.18161188,0
0.021977266,0
0.018713951,0
0.0029482292,0
0.04174962,0
0.010091973,0
0.15598659,1
0.023775838,0
0.9984207,1
0.15169227,0
0.4002692,0
0.9986123,1
0.40818566,0
0.0030177932,0
0.007845326,0
0.012969184,0
0.7425654,1
0.7198446,1
0.009869673,0
0.007751274,0
0.28442588,0
0.5314959,0
0.062194698,0
0.831512,1
0.75480396,1
0.5602499,1
0.28362316,0
0.2841599,0
0.42222065,0
0.04544309,0
0.03652651,0
0.0054594637,0
0.42803398,1
0.36403865,0
0.00028672337,0
0.019415094,0
0.06158532,0
0.017237138,0
0.08246572,1
0.06876211,0
0.005218813,0
0.02464394,0
0.026128355,0
0.273589,0
0.31216538,0
0.0023056155,0
0.80240405,1
0.00038281837,0
0.015842536,0
0.009307207,0
0.0006638988,0
0.0025445155,0
0.18734924,0
0.01737175,0
0.0010174395,0
0.5218959,1
0.003641979,0
0.060011882,0
0.35500252,1
0.14551538,0
0.000103490995,0
0.00020820524,0
0.9978964,1
0.070218205,0
0.07641137,0
0.042784538,0
0.009587803,0
0.004626195,0
0.016726084,0
0.00032454816,0
0.7701776,1
0.12782237,1
0.4064867,1
0.009921672,0
0.114853635,0
0.7781536,1
0.009900775,0
0.7537078,0
0.2646596,0
0.98220235,1
0.021930536,0
0.00010570147,0
0.90522015,1
0.011591831,0
0.030744735,0
0.761077,1
0.05498203,0
0.99597704,1
0.0002048084,0
0.49152333,0
0.52664185,0
0.0015138548,0
0.0023158863,0
0.18772876,1
0.02484217,0
0.00010115183,0
0.0001756613,0
0.98791015,1
0.23135133,1
3.6133213e-05,0
0.12275638,0
7.8586505e-05,0
0.50905097,0
0.0025193742,0
0.02101283,0
0.071447775,0
0.03947057,0
0.40986905,0
0.009544314,0
0.6943221,1
0.11864116,0
0.99942,1
0.13407688,1
0.056964196,0
0.034436025,0
0.33013442,0
0.031071901,0
0.9983328,1
0.035465486,0
0.015991258,0
0.999718,1
0.4838768,1
0.83863527,1
0.010047876,0
0.003324404,0
0.0028722016,0
0.010698319,0
0.98258317,1
0.9721719,1
0.045091767,0
0.25062832,0
0.0607687,1
0.17001325,0
0.67567855,0
0.00807444,0
0.0010771926,0
0.14402725,0
0.56827205,1
0.39965376,0
0.21666935,0
0.31573945,0
0.3054028,0
0.0022414844,0
0.0015181517,0
0.10240407,0
0.00029806074,0
0.086565726,1
0.018885462,0
0.18242168,0
0.9987604,1
0.78571475,1
0.016042262,0
0.99867135,1
0.0058586188,0
0.0011663996,0
0.99912196,1
0.037089117,1
0.9987856,1
0.02027307,0
0.0027341687,0
0.03731876,0
0.31549206,0
0.6409239,1
0.98899996,1
0.17478494,0
0.67056865,1
0.16764794,1
0.0017903068,0
0.09457978,0
0.8212472,1
0.01275068,0
0.4941717,0
0.0077743097,0
0.038304288,0
0.5697865,0
0.7783241,1
0.00035594622,0
0.46139503,1
0.08016721,0
0.4069097,0
0.43914515,0
0.005244991,0
0.02322155,0
0.041571368,0
0.3746254,1
0.016717013,0
0.97558755,1
0.8515895,1
0.009327251,0
0.99958766,1
0.31028068,1
0.06963448,0
0.007545999,0
0.59078574,0
0.0012504554,0
0.39208946,0
0.0009828063,0
0.015298429,0
0.04617383,0
0.0018578467,1
0.00080251985,0
0.9925885,1
0.038253725,0
0.48782414,0
0.9815777,1
0.009866328,0
0.05254028,0
0.19845214,1
0.30901334,1
0.9994723,1
0.021532249,0
0.061470974,1
0.022576429,0
0.006793303,0
0.9894721,1
0.6290319,1
0.01207251,0
0.12822063,0
0.005664099,0
0.02416964,0
0.67179316,1
0.0065998123,0
0.0009652196,0
0.0026087428,0
0.20282876,0
0.22386217,0
0.0009899612,0
0.037411485,0
0.6754801,0
0.044110492,0
0.36192435,0
0.1392453,0
0.007073977,0
0.0014847224,0
0.09074111,0
0.38399202,0
0.008733554,0
0.078479335,0
0.03885806,0
0.22355303,0
0.5568815,0
0.15241294,0
0.8048994,0
0.010808747,0
0.7786279,1
0.18972185,1
0.44713363,0
0.0102063995,0
0.027166566,0
0.27802902,0
0.94680995,0
0.30289254,1
0.31767264,1
0.24189743,0
0.5035769,1
0.124443576,1
0.36295354,0
0.19356914,1
0.81969655,1
0.051070698,0
0.0008524774,0
0.9993456,1
0.36698866,0
0.061860293,0
0.0033161617,0
0.0047820937,0
0.041013878,0
0.23495162,0
0.0069353497,0
0.0012500612,0
0.003613559,0
0.00017807729,0
0.01745061,0
0.25833464,1
0.6056691,1
0.046622775,0
0.00028525537,0
0.6758988,0
0.6482868,1
0.017408906,0
0.999356,1
0.7095876,0
0.014595625,0
0.021335373,0
0.013679611,0
0.08385853,0
0.00015845013,0
0.81450593,0
0.15808742,0
0.81495255,1
0.9997179,1
8.138712e-05,0
0.0001741877,0
0.42174715,0
0.014260387,0
0.73525935,0
0.49501175,1
0.10427161,0
0.0004364567,0
0.00947048,0
0.47354165,1
0.99487936,1
0.99873006,1
0.05981062,0
0.008609893,0
0.22633366,0
0.2878761,1
0.429531,1
0.25733677,0
0.1983806,0
0.0024428382,0
0.017379744,0
0.77645457,1
0.2143223,1
0.033114914,0
0.19689207,0
0.019347442,0
0.022782309,0
0.009478189,0
0.44423404,1
0.5551438,0
0.07344219,0
0.20806412,0
0.010979841,0
0.99921095,1
0.13021706,0
0.4206633,1
0.65784323,1
0.64444005,1
0.028841129,0
0.00080268004,0
0.00011374431,0
0.49276868,1
0.13643204,0
6.325875e-05,0
0.0015457128,1
0.0029486276,0
0.9995245,1
0.6971392,1
0.5914251,1
0.0003433183,0
0.20262869,1
0.76222444,0
0.00020869993,0
0.055484794,0
0.022500535,0
0.9643366,1
0.0017923752,0
0.7014348,1
0.38484654,0
0.15878855,0
0.36792037,1
0.99812233,1
0.23454185,0
0.010179013,0
0.5187781,1
0.51326066,1
0.37958527,0
0.043632206,0
0.33250377,0
0.045146607,0
0.22449175,0
0.00016566068,0
0.0026993104,0
0.4061164,0
0.1456742,0
0.008291865,0
0.0008781607,0
0.007773196,0
0.5378574,1
0.037629385,0
0.0016161675,0
0.9930668,1
0.3909199,1
0.99388945,1
0.05517323,0
0.0058821924,0
0.006742486,0
0.49981195,0
0.9983627,1
0.00075146783,0
0.7977493,1
0.4394599,0
0.07441502,0
0.017610032,0
0.9991368,1
0.07593097,0
0.27552137,0
0.00015562536,0
0.41854635,1
0.028373813,0
0.48872072,0
0.00011205637,0
0.8359871,0
0.029517386,0
0.5369167,1
0.00015571724,0
0.015295026,0
0.00013581444,0
0.82543933,1
0.03066006,0
0.82554436,1
0.052550144,0
0.00700925,0
0.032486953,0
0.85283387,1
0.13447037,0
0.9994546,1
0.023863768,0
0.1193079,0
0.1109699,0
0.59936595,0
0.7098621,0
0.6902656,1
0.055466484,0
0.23823147,0
0.33270097,0
0.14786375,0
0.9098676,1
0.006073448,0
0.00029873213,0
0.0074341446,0
0.20973429,0
0.2541889,1
0.004741141,0
0.25356686,1
7.368235e-05,0
0.9970085,1
0.020613922,0
0.0004923912,0
0.027468454,0
0.995317,1
0.07639402,0
0.71289164,1
0.9989085,1
0.26404417,1
0.010576051,0
0.21925744,0
0.99912006,1
0.682894,0
0.99830085,1
0.30407697,0
0.00049238367,0
0.99614966,1
0.022710416,0
0.7773564,1
0.85702115,1
0.005402481,0
0.016528742,0
0.9077383,1
0.0039404607,0
0.01808457,0
0.038369283,0
0.06772401,1
0.38860205,0
0.71203876,0
0.073226295,1
0.9992126,1
0.05002294,0
0.016136346,0
0.00015198709,0
0.13593078,0
0.00058145926,0
0.9996691,1
0.0038380455,0
0.13268203,1
0.0006098447,0
0.69798285,1
0.009104409,0
0.09127842,0
0.0048165913,0
0.68706524,1
0.0038731091,0
0.2273715,1
0.8672201,1
0.39180207,1
0.14044702,0
0.014107916,0
0.6470991,1
0.0002748367,0
0.11400272,0
0.0664586,0
0.20251676,0
0.0021666586,0
6.792722e-05,0
0.053097256,0
0.020941567,0
0.0185643,0
0.9943646,1
4.0472933e-05,0
0.031484786,0
0.004181279,0
0.0068911156,0
0.00041110217,0
0.006500845,0
0.51372206,0
0.4684673,0
0.5052132,1
0.45510006,0
0.24280219,0
0.008479577,0
0.0009686683,0
0.026208857,0
0.0020152088,0
0.03886487,0
0.40641767,0
0.01275293,0
0.26003638,0
0.00020488046,0
0.9978808,1
0.11937763,0
0.014165627,0
0.31403306,0
0.0029856237,0
0.23054412,1
0.108309604,0
0.20356455,0
0.009839965,0
0.06972513,0
0.092021406,0
0.9813951,1
0.0069840685,0
0.0638306,0
0.0047463938,0
0.95798194,1
0.10002331,0
0.021005891,0
0.89463603,1
0.6780249,1
0.12420257,0
0.019822692,0
0.68274444,1
0.99901086,1
0.28479403,1
0.275478,0
0.9992445,1
0.00042719464,0
0.09744542,0
0.0016726174,0
0.064011425,0
0.7392363,0
0.0022111172,0
0.8700269,1
0.14186916,0
0.0041624433,0
0.013620501,0
0.02796654,0
0.0001244784,0
0.049035177,0
0.2648382,0
0.03921985,0
0.040327754,0
0.0040333667,0
0.0052398583,0
0.023819966,0
0.08830534,0
0.099557854,0
0.1723471,0
0.32275838,0
0.99730337,1
0.0078295935,0
0.012275657,0
5.8542726e-05,0
0.024967717,0
0.024873808,0
0.021972043,0
0.0843345,0
0.0059193964,0
0.00012733872,0
0.00907125,0
0.37406743,0
0.8155962,0
0.024728328,0
0.0017266184,0
0.017401075,0
0.030769188,0
0.32502872,0
0.00036792876,0
0.02049716,0
0.0060677943,0
0.0026961237,0
0.0016437105,0
0.004812933,0
0.12332191,0
0.5035398,1
0.0071811713,0
0.22449562,0
0.0016727453,0
0.73981494,1
0.743704,1
0.00088310766,0
0.20756653,0
0.99957526,1
0.07807556,0
0.22244482,0
0.7655109,0
0.18167713,0
0.45198226,1
0.26439655,0
0.058851384,0
0.05478401,0
0.1334025,0
0.4529237,0
0.027503902,0
0.12507455,0
0.016756492,0
0.018386409,0
0.47252885,0
8.311577e-05,0
0.016744256,0
0.02638934,0
0.40348053,0
0.018480757,0
0.47139025,0
0.042155094,0
0.6103979,1
0.014370051,0
0.005980903,0
0.0011035564,0
0.10323925,0
0.72294223,0
0.0016320825,0
0.6596192,1
0.0025908167,0
0.34233895,0
0.06196438,0
0.67771643,0
0.008564009,0
0.095988676,1
0.028352195,0
0.712878,1
0.016918173,0
0.16671263,1
0.0221427,0
0.34231132,0
0.68909687,1
0.0587553,0
0.7832172,1
0.0041475375,0
0.0012220815,0
0.04229198,0
0.03889496,0
0.0238718,0
0.22735164,0
0.8044812,1
0.07546453,0
0.843073,1
0.06600854,0
0.9992124,1
0.04719628,0
0.8011428,1
0.0056728204,0
0.066384114,0
0.68289185,0
0.0002595566,0
0.003990398,0
0.017971687,0
0.66633123,1
0.00045914654,0
0.0031013107,0
0.0077068927,0
0.54221696,0
0.99941385,1
0.77325815,1
0.40070313,1
0.0068369135,0
0.021938875,0
0.010163362,0
0.40489382,1
9.701627e-05,0
0.0047051646,0
0.03881549,0
0.91176665,1
0.016129648,0
0.028786812,0
0.13286896,0
0.16426705,1
0.013237488,0
0.013499585,0
0.4671741,1
0.40350503,0
0.39418128,0
0.81480443,0
0.2539784,0
0.00015500188,0
0.0014411034,0
0.23000045,0
0.9913665,1
0.8825747,1
0.5885631,0
0.015339708,0
0.10247494,0
0.18288125,0
0.53271544,1
0.0007608696,0
0.00010874022,0
0.048971556,0
0.6132146,1
0.58627206,1
0.33844137,0
0.71838355,1
0.06770154,0
0.0010017644,0
0.6680631,0
0.76393676,1
6.900125e-05,0
0.9929579,1
0.17806578,0
0.00059391075,0
0.24312684,0
0.008419512,0
0.1453023,0
0.64268553,1
0.0015294935,0
0.012349464,0
0.3344631,0
0.01321588,0
0.00484495,0
0.056241114,0
0.10792704,0
0.003680988,0
0.20007119,0
0.10188846,0
0.023097176,0
0.2907879,1
0.99841005,1
0.99953383,1
0.5662622,0
0.14084998,1
0.24308772,0
0.0062705204,0
0.057467587,0
0.011116146,0
0.1650221,0
0.8609955,1
0.0035625766,0
0.0062836586,0
0.7823187,1
0.9994149,1
0.06271796,0
0.99560153,1
0.000650221,0
0.99292517,1
0.56042206,0
0.5958788,1
0.0585747,0
0.0036161337,0
0.0038094833,0
0.988056,1
0.69013304,0
0.5935049,0
0.07956608,0
0.0009079588,0
0.011135415,0
0.996387,1
0.38614297,0
0.24719338,1
0.063532606,0
0.25068307,0
0.019241119,0
0.22160867,0
0.00031845647,0
0.0001500244,0
0.008392703,0
0.6595129,0
0.22719316,0
0.008296752,0
0.03331783,0
0.0057716705,0
0.07683252,0
0.67707497,0
0.000721896,0
0.034196645,0
0.9995154,1
0.87480295,1
0.018349031,0
0.36524615,1
0.02505439,0
0.0075688153,0
0.04138859,0
0.1737625,0
0.8137094,1
5.167675e-05,0
0.23590705,0
0.3601726,0
0.3704349,0
0.009135171,0
0.2519495,0
0.31363404,1
0.09423912,0
0.8855689,1
0.0008693069,0
0.045850772,0
0.00035062322,0
0.06588997,0
0.007481537,0
0.0013490629,0
0.0090152,0
0.004650124,0
0.0047804643,0
0.006663402,0
0.00028086387,0
0.04117302,0
0.012516983,0
0.046430968,0
0.04266714,0
0.57719594,1
0.62299824,1
0.0028027468,0
0.6722755,0
0.48372278,0
0.7449972,1
5.3497963e-05,0
0.5225709,0
0.03664186,0
0.998098,1
0.017311001,0
0.0031038297,0
0.0011675823,0
0.024864495,0
0.005443074,0
0.0066300733,0
0.37783873,0
0.323401,0
0.11537971,0
0.00026506977,0
0.07077459,0
0.067911096,1
0.025302406,0
0.008184243,0
0.0005444626,0
0.002467463,0
0.07549788,0
0.16461547,0
0.0037874882,0
0.0062079076,0
0.31092802,0
0.99367046,1
0.005147197,0
0.8390621,0
0.061594855,0
0.36342877,0
0.035398696,0
0.0023501082,0
0.10027026,0
0.10290861,0
0.07646119,0
0.5791103,0
0.002059848,0
0.6716469,1
0.64571124,1
0.072463065,0
0.15722129,1
0.39821586,0
0.015615733,0
0.0006335096,0
0.060026594,0
0.0315836,0
0.44740576,0
0.20549646,1
0.0031056819,0
0.0009030573,0
0.5437444,0
0.014438358,0
0.0005468855,0
0.08660183,0
0.8241922,1
0.60524607,0
0.64681596,0
0.020017534,0
0.48512372,1
0.1002172,0
0.32774884,0
0.14106876,0
0.0371063,0
0.21634254,0
0.00062724453,0
0.009373749,0
0.01263343,0
0.1355661,0
0.009975335,0
0.00025524214,0
0.18905747,0
0.0002822245,0
0.010005571,0
0.03317954,0
0.015953857,0
0.0014127675,0
0.33999765,1
0.47728235,0
0.003978973,0
0.00019776911,0
0.76767105,1
0.692441,0
0.07121722,0
0.75062,0
0.13402681,0
0.0017411992,0
0.25386786,1
0.9991473,1
0.5035519,0
0.76292527,0
0.0020270168,0
0.007977335,0
0.43078262,0
0.0002597648,0
0.99511415,1
0.00010069499,0
0.00029801956,0
0.32697085,1
0.9612335,1
0.0006549837,0
0.7282003,1
0.74142784,0
0.3229926,0
0.9992461,1
0.1967629,1
0.10995634,0
0.011186488,0
0.00090674794,0
0.091074914,0
0.009905459,0
0.36527297,1
0.0063237837,0
0.0006502604,0
0.00075584237,0
0.0031944017,0
0.018059127,0
0.0023870356,0
0.40585357,0
0.24592562,0
0.2688556,0
0.018464334,0
0.8207141,1
0.8613493,1
0.06238369,0
0.7441919,1
0.00018508222,0
0.09506052,0
0.2626007,0
0.5766965,1
0.25404298,0
0.030139577,0
0.0011197142,0
0.0032746524,0
0.99967134,1
0.1654773,1
0.2745975,1
0.123563014,0
0.5336781,1
0.03765773,1
0.01220604,0
0.9957587,1
0.000812095,0
0.28291917,0
0.09673781,0
0.80616796,1
0.051616438,0
0.94270384,0
0.097482964,0
0.0044566677,0
0.36468557,0
0.035415243,0
0.021126386,0
0.27124688,0
0.5534912,0
0.0011965334,0
0.27463844,0
0.031731002,0
0.71390516,1
0.99529296,1
0.06358126,0
0.11740108,0
0.0037501082,0
0.0013946885,0
0.0073322607,0
0.99698746,1
0.0044191442,0
0.12886374,0
0.19382842,0
0.20206311,0
0.5712133,1
0.017986834,0
0.13207355,0
0.500228,1
0.006850512,0
0.013067119,0
0.05837056,0
0.20903978,0
0.2688556,1
0.23431411,0
0.012899369,0
0.0092531955,0
0.86195785,1
0.0003123623,0
0.1760223,0
0.30838507,1
0.00038320027,0
0.06436943,0
0.28865492,1
0.059192605,0
0.68406373,1
0.99945486,1
0.00092296646,0
0.0059184763,0
0.54553515,1
0.98888856,1
0.04341655,0
0.009037892,0
0.07759105,0
0.06285521,0
0.40825337,0
6.606575e-05,0
0.008623726,0
0.3122868,0
0.01448715,0
0.0006263885,0
0.029313143,0
0.028189888,0
0.98754823,1
0.043797277,0
0.016171873,0
9.5081305e-05,0
0.35796797,0
0.00011480423,0
0.87228775,0
0.22189543,1
0.0072509227,0
0.20514674,0
0.3407776,0
0.0005164588,0
0.00013155298,0
0.016149629,0
0.65078753,1
0.0322295,0
0.044899736,0
0.052549623,0
0.014138961,0
0.9923638,1
0.002336407,0
0.6826142,1
0.2772136,0
0.18545623,1
0.0014206987,0
0.008141845,0
0.3613546,0
0.61704355,1
0.13332325,1
0.0015616176,0
0.39677095,0
0.9952892,1
0.005492253,0
0.30582172,0
0.99861413,1
0.779289,0
0.55782783,1
0.005802395,0
0.09741907,0
0.67883575,1
0.0006135309,0
0.47716936,1
0.07654494,0
0.087636575,0
0.0007149319,0
0.006358354,0
0.9975565,1
0.44766134,0
0.99089515,1
0.4182611,0
0.0006544112,0
0.673847,1
0.008063056,0
0.04981398,0
0.00056335574,0
0.22935887,0
0.77735615,1
0.4537086,1
0.00024304833,0
0.00073835254,0
0.0011372053,0
0.005302564,0
0.0064837197,0
0.0001562667,0
0.04663838,0
0.74521554,0
0.04651991,0
0.005218576,0
0.021002512,0
0.016185034,0
0.008413153,0
0.3000603,0
0.008969448,0
0.2033898,1
0.0005349916,0
0.00049787766,0
5.712655e-05,0
0.26934612,1
0.38755873,1
0.7447676,1
0.9995321,1
0.00021481623,0
0.23070332,0
0.16315779,0
0.0012697816,0
0.15928076,0
0.007242055,0
0.9333088,1
0.0072561307,0
0.02914306,0
0.999159,1
0.49709314,1
0.3851118,1
0.00017193232,0
0.013428362,0
0.0053552412,0
0.4499808,0
0.4348731,0
0.11370532,0
0.0037676343,0
9.391661e-05,0
0.7854397,1
0.0074652494,0
0.004600604,0
0.42300949,0
0.00012485834,0
0.0019998814,0
0.4100996,1
0.00019511596,0
0.049862154,0
0.9826933,1
0.01473708,0
0.27573386,1
0.15605614,0
0.048381463,0
0.029071491,0
0.23131153,1
0.03752284,0
0.03530174,0
0.03402842,0
0.7243993,1
0.012584889,0
0.55220276,0
0.5240623,1
0.0016307281,0
0.0057663694,0
0.041239604,0
0.0011444406,0
0.005004965,0
0.0027002296,0
0.027145734,0
0.24977632,1
0.011382091,0
0.43057972,1
0.015919818,0
0.007601501,0
0.0024286462,0
0.025834512,0
0.013913104,0
0.000107676606,0
0.06818808,0
0.0036069811,0
0.06679532,0
0.00030372824,0
0.00055781094,0
0.74386126,1
0.05776452,0
0.41079202,0
0.3065469,0
0.0026706478,0
0.22291061,0
0.008457123,0
7.16653e-05,0
0.70854133,0
0.9995121,1
0.0003253189,0
0.038703095,0
0.0017764583,0
0.005711185,0
0.006556849,0
0.28822553,1
0.00047456534,0
0.17663106,1
0.000917995,0
0.044493515,0
0.0016018869,0
0.029421965,0
0.9991077,1
0.00046553803,0
0.15763022,0
0.016134294,0
0.18529555,0
0.017702479,0
0.37638187,0
0.7095309,0
0.49546188,0
0.028561253,0
0.9407979,1
0.76839995,0
0.006249507,0
0.0077192904,0
0.46832806,1
0.02573226,0
0.017486908,0
0.36674213,0
0.07816165,0
0.0014034363,0
0.44952783,1
0.083687626,0
0.12779453,0
0.27465507,1
0.010727802,0
8.339769e-05,0
0.016889242,0
5.644817e-05,0
0.02254128,0
0.005424594,0
0.023538182,0
0.56512904,0
0.00034774406,0
0.0059130723,0
0.3019978,0
0.024692459,0
0.00020291287,0
0.7607531,1
0.94819415,1
0.021259855,0
0.9976576,1
0.009529181,0
0.0001871273,0
0.10321281,0
6.50997e-05,0
0.4751497,0
0.07794244,0
0.28744122,0
0.108316645,0
0.011403428,0
0.84942186,1
0.41005096,0
0.0014644042,0
0.1400096,0
0.7078894,1
0.13654627,0
0.9924321,1
0.330519,0
0.0007241347,0
0.7764179,0
0.107997224,0
0.0015364527,0
0.0014807167,0
0.88589257,1
0.0003234966,0
0.6805595,1
0.99927247,1
0.000310937,0
0.7962813,1
0.47647628,0
0.039628066,0
0.038373128,0
0.091503225,0
0.046641104,0
0.49607617,0
0.03452315,0
0.003775164,0
0.031547334,0
0.0009874315,0
0.08897687,0
0.00022428673,0
0.3925536,0
0.24550858,1
0.46448168,1
0.0034766062,0
0.2255561,0
0.006162339,0
0.015819224,0
0.008847251,0
0.03121061,0
0.1949729,1
0.42596418,0
0.006466831,0
0.00013054827,0
0.98392594,1
0.006407433,0
0.029911134,0
0.025096823,0
0.9995573,1
7.43782e-05,0
0.30341434,0
0.8701784,1
0.1639127,1
0.90654147,1
0.6555684,0
0.014365171,0
0.0006842845,0
0.8927077,1
0.008599845,0
0.9954759,1
0.66097265,0
0.007903895,0
0.057297014,0
0.012757567,0
0.99485385,1
0.0021642519,0
0.38845783,0
0.37451568,0
0.062436588,0
0.1508899,0
0.05043609,0
0.0002092295,0
0.40834156,0
0.0053871684,0
0.20257732,1
0.068740144,0
0.023370728,0
0.0027414788,0
0.024553597,0
0.015551239,0
0.32232705,0
0.020450516,0
0.5574553,0
0.0008006858,0
0.99186957,1
0.39554912,1
0.012592619,0
0.3101018,0
0.0014632653,0
0.050758988,0
0.00019549867,0
0.11090002,0
0.1652092,0
0.08909205,0
0.04549983,0
0.99648464,1
0.5429689,1
0.112878904,0
0.6740235,1
0.030306464,0
0.06897513,0
0.12682258,0
0.034691676,0
0.72619826,0
0.32162783,0
0.0837591,0
0.38801172,0
0.0070415353,0
0.016209882,0
0.22621445,0
0.994109,1
0.0005528482,0
0.00014302155,0
0.00014439419,0
0.22872719,0
0.03256764,0
0.4333898,1
0.00026722945,0
0.01874176,0
0.17884818,0
0.0001914094,0
0.00092079386,0
0.0006394726,0
0.024989672,0
0.74156576,1
0.39095703,0
0.83248043,1
8.120882e-05,0
0.07841251,0
0.08204074,0
0.45951372,0
0.0002524706,0
0.0062166685,0
0.048542507,0
0.09255889,0
0.8159256,1
0.031143278,0
0.6597303,1
0.00037400075,0
0.07260313,1
0.005261474,0
0.40088502,1
0.8303975,1
0.081886746,0
0.22848353,1
0.0013161729,0
0.43057305,0
0.001167236,0
0.0011736975,0
0.03769187,0
0.010323791,0
0.61835605,0
0.44730338,1
0.86843956,0
0.42416373,1
0.0030726066,0
0.040106554,1
0.9760782,1
0.55450857,0
9.312186e-05,0
0.63868105,1
0.01772953,0
0.1468933,0
0.0392619,0
0.0058897673,0
0.00023065004,0
0.00544391,0
0.091706365,0
0.2313854,0
0.0027086085,0
0.05612753,0
0.39726734,0
0.05783815,0
0.027182821,0
6.876589e-05,0
0.05196801,0
0.08933022,0
0.8468674,1
0.44624132,1
0.5236888,0
0.38076085,0
0.2968292,0
0.01946638,0
0.05858002,0
0.99926794,1
0.49803358,1
0.13143843,0
0.2143856,0
0.5310302,1
0.27677405,1
0.008117288,0
0.42215532,0
0.0010976472,0
0.065889955,0
0.19168706,1
0.021019472,0
0.0063916026,0
0.17133418,0
0.056847382,1
0.009127,0
0.0016473116,0
0.46339077,1
0.00010478041,0
0.017163528,0
0.02501973,1
0.0006913643,0
0.23889324,0
0.05292598,0
0.19390236,0
0.17522232,0
0.12654966,0
0.013477561,0
0.9963252,1
0.9976598,1
0.010116645,0
0.0037065852,0
0.0001274613,0
0.039749224,0
0.008535287,0
0.05239281,0
0.25386515,0
0.9987401,1
0.008220933,0
0.000103225975,0
0.4074034,1
0.000119082964,0
0.41501632,1
0.0006761637,0
0.09644947,0
0.07761601,0
0.9995548,1
0.025391515,0
0.009787989,0
0.29429555,0
0.013838358,0
0.18572743,0
0.6811676,1
0.056037895,0
0.30030113,0
0.010917398,0
0.0011440564,0
0.32768565,0
0.025546324,0
0.00032627585,0
0.14935593,0
0.45477787,1
0.14427882,0
0.43220505,1
0.9987842,1
0.034141574,0
0.7192358,0
9.4924944e-05,0
0.0100062415,0
0.0630992,0
0.032280624,0
0.000257129,0
0.02206195,0
0.22667444,0
5.3500662e-05,0
0.011220364,0
0.016575743,0
0.051985037,0
0.008584207,0
0.9992994,1
0.45868126,1
0.0018415318,0
0.0036095455,0
0.002939613,0
0.0008391348,0
0.0055724164,0
0.02230831,0
0.04398401,0
0.00035367114,0
0.84951067,1
0.0014195166,0
0.21224752,0
0.35841376,1
5.3674208e-05,0
0.008479244,0
0.02732237,0
0.0011454741,0
0.12770626,1
0.0987001,0
0.2351325,0
0.00015485859,0
0.002614123,0
0.054427408,1
0.055067707,0
0.17053019,0
0.04097643,0
0.4547798,0
0.018041294,0
0.09947852,0
0.0055597606,0
0.049745683,0
0.07411408,1
0.06431411,0
0.003621345,0
0.24967131,0
0.009621504,0
0.00596171,0
0.20641784,0
0.16785543,1
0.01296642,0
0.004555796,0
0.014263687,0
0.007775101,0
0.83565265,1
0.0023197136,0
0.062240846,0
0.079669885,0
0.032235578,0
0.11830161,0
0.033618283,0
0.3138178,1
0.0001354788,0
0.08331362,0
8.79098e-05,0
0.08590768,0
0.01463058,0
0.0056825946,0
0.07341819,0
0.43941206,0
0.20803551,0
0.57173365,0
0.5611332,0
0.013756709,0
0.31977078,0
0.7041991,1
0.0031457269,0
0.003296926,0
0.46532926,0
0.00025949426,0
0.006003442,0
0.9986161,1
0.030032748,0
0.005259844,0
0.15220542,0
0.16254032,0
0.9996092,1
0.010558666,0
0.012429655,0
0.006718991,0
0.0004676086,0
0.38598865,1
0.05365604,0
0.17355162,0
0.0025381867,0
0.12773474,0
0.00016212834,0
0.9759469,1
5.6744688e-05,0
6.252783e-05,0
0.002652879,0
0.09265888,0
0.0023268447,0
0.19390672,1
0.0066252337,0
0.02249316,0
0.3711972,1
0.0064842813,0
0.37505963,0
0.0066219447,0
0.47583157,1
0.64353937,0
0.29144052,0
0.99607146,1
0.7678281,0
0.95710784,1
0.14327672,0
0.029286498,0
0.00023552848,0
0.025343496,0
0.040626794,0
0.0019968133,0
0.66460854,1
0.9983689,1
0.9994642,1
0.99923193,1
0.05564944,0
0.00035595728,0
0.5554533,1
0.010774901,0
0.2327338,0
0.017031318,0
0.58329445,1
0.005551651,0
0.00069130363,0
0.008580283,0
0.58062124,1
0.60114574,0
0.81100655,0
0.6317663,1
0.0041282126,0
0.30669945,0
0.029861504,0
0.13147026,0
0.43776459,1
0.1079037,1
0.023187164,0
0.020210369,0
0.9993218,1
0.000661804,0
0.00011458517,0
0.10690842,0
0.009578448,0
0.01304522,0
0.85552347,1
0.17864814,0
0.05375471,0
4.849525e-05,0
0.13728538,0
0.04982537,0
0.50023633,0
0.38199255,1
0.25714296,1
0.031324968,0
0.007690343,0
0.20222726,0
0.8892892,1
0.14407757,1
0.021679182,0
0.0010352383,0
0.400122,0
0.00040919907,0
0.8445362,0
0.018432241,0
0.0013071651,0
0.0003060668,0
0.72071797,1
0.005047466,0
0.011948735,0
0.9916884,1
0.00039211576,0
0.8200939,1
0.37128708,1
0.008831759,0
0.111931644,0
0.50841665,0
0.015428036,0
0.27158988,1
0.8085777,0
0.4262189,0
0.24798545,1
0.21370998,0
0.11896869,0
0.28785735,0
0.16913319,1
0.29629606,0
0.00021015343,0
0.16257305,0
0.013596614,0
0.5036122,1
0.0012356015,0
0.41988602,0
0.3373248,0
0.005778819,0
0.08825228,0
9.305777e-05,0
0.32516232,0
0.8769843,1
0.10422923,1
0.008285096,0
0.058861993,0
0.01386035,0
0.050804805,0
0.011059542,0
0.025821645,0
0.22600654,0
0.022416709,0
0.033915356,0
0.073546395,0
0.9005524,1
0.73048335,1
0.01292551,1
0.1500195,0
0.000103084036,0
0.026361912,0
0.23058577,0
0.006297975,0
0.01886939,0
0.006807758,0
0.145122,0
0.64195085,0
0.63822234,1
0.0012930718,0
0.478829,0
0.5958901,1
0.008392278,0
0.13225965,0
0.0021434778,0
0.61366457,1
0.0040645343,0
0.06304028,0
0.010406905,0
0.011080762,0
0.5489257,1
0.007726653,0
0.5047571,0
0.0020651086,0
0.0352153,0
0.0002390923,0
0.024667969,0
0.33132872,1
0.3175387,0
0.13295148,0
0.19381486,0
0.07133011,0
0.6307753,0
0.00011128477,0
0.6529736,0
0.002037118,0
1.4211828e-05,0
0.04685556,0
0.96817696,1
0.044656675,0
0.037256025,0
0.0001574708,0
0.7223198,1
0.0324787,0
0.0008198223,0
0.70299,1
0.020844106,0
0.472073,1
0.00010506726,0
0.001501143,0
0.92399323,1
0.021540081,1
0.042991653,0
0.5229231,0
0.03414999,0
0.06503309,1
0.40835947,1
0.99711704,1
0.9811492,1
0.9995426,1
0.95328015,1
0.25608498,0
0.13785048,0
0.35254753,1
0.076327905,0
0.02766778,0
0.99743587,1
0.3676357,0
0.03125868,0
0.49029702,0
0.599279,0
0.18173476,0
0.051092315,0
0.018759422,0
0.0039962106,0
0.033117607,0
0.09920941,0
0.4273359,0
0.002286913,0
0.0034229446,0
0.43364197,0
0.7948108,0
0.00801462,0
0.019744607,0
0.50705236,1
0.056553174,0
0.0011902943,0
0.9470789,1
0.00020264217,0
0.018226005,0
0.99982774,1
0.6229143,1
0.0001825693,0
0.6873041,1
0.0057545905,0
0.9013937,1
0.9924353,1
0.0034441494,0
0.018550383,0
0.37382716,0
0.02136288,0
0.08536152,0
0.2987686,1
0.47033674,0
0.12274935,0
0.6299969,1
0.819769,1
0.000971739,0
0.26545072,0
0.1160116,0
0.16479449,0
0.10072462,0
0.0019278344,0
0.99927604,1
0.5044749,0
0.00030160102,0
0.0076785474,0
0.99875116,1
0.048593704,0
0.00054098864,0
0.004172154,0
0.9994815,1
0.02453136,1
0.99698466,1
0.8213242,1
0.0077568283,0
2.0268946e-05,0
0.037241958,0
0.9964272,1
0.0037109125,0
0.3232173,1
0.00035018078,0
0.33881092,0
0.19620913,0
0.032651354,0
0.01059058,0
0.014312329,0
0.001018064,0
0.97367173,1
0.13446943,0
0.034616496,0
0.8900862,1
0.0110955695,0
0.8613328,1
0.36002228,1
0.0020168168,0
0.0070717363,0
0.0010000027,0
0.00024075809,0
0.23171172,0
0.006229951,0
0.5464702,0
0.3890244,0
0.04364187,0
0.03302723,0
0.8906876,1
0.25933886,0
0.15292378,0
0.00434621,0
0.059646737,0
0.28947958,1
0.025612837,0
0.007427293,0
0.54102314,1
0.58884215,0
0.042168725,0
0.006948331,0
0.018485827,0
0.7570609,1
0.00035577235,0
0.52648056,0
0.10700643,0
0.017577006,0
0.9825408,1
0.00010985173,0
0.4513441,1
0.01309718,0
0.01643243,0
0.020241736,0
0.16437195,0
0.00022542194,0
0.09548823,0
0.123042,0
0.0014548405,0
0.06571038,0
0.22255465,0
0.5135677,1
0.01062001,0
0.26575258,0
0.0011372648,0
0.1619708,0
0.29744124,0
0.31892133,0
0.6571303,1
0.005110892,0
0.1552527,0
0.003915852,0
0.008336338,0
0.72761685,0
0.00010506376,0
0.16161749,1
0.050615393,0
0.6363219,1
0.0020083925,0
0.029974338,0
0.37356818,0
0.0012323874,0
0.069285,0
0.0005016594,0
0.999189,1
0.015769182,0
0.08228368,0
0.514674,0
0.7522927,1
0.08584535,0
0.62636226,0
0.015597478,0
0.025624579,0
4.427043e-05,0
0.15422273,1
0.15800095,0
0.84639966,1
0.3076468,0
0.04032831,0
0.2202116,0
0.08279115,0
0.010288446,0
0.44161814,0
0.050286196,0
0.017706368,0
0.00050013274,0
0.00012733872,0
0.16929582,0
0.98122406,0
0.9951836,1
0.045657102,1
0.0459828,0
0.31266657,1
0.23152229,0
0.031222548,0
0.0510656,0
7.771177e-05,0
0.2189581,0
0.0022173792,0
0.02820689,0
0.0034635668,0
0.009365764,0
0.024375333,0
0.01212359,0
0.011536303,0
0.0192238,0
0.16597238,0
0.009107847,0
0.4517483,1
0.0033975956,0
0.34434322,0
0.011735062,0
0.00012416756,0
0.67179054,0
0.12932026,0
0.00013271491,0
0.28803882,0
0.638666,1
0.15773124,0
0.25704464,1
0.9956133,1
0.0027523246,0
0.39365733,1
0.0061423667,0
0.0002961513,0
0.84178793,1
0.00018601086,0
0.72497505,1
0.30731136,0
0.40532708,0
0.06919872,0
0.7388158,1
0.039058726,0
0.0013113943,0
0.9990457,1
0.0068054334,0
0.018124985,0
0.994211,1
0.47648424,0
0.01449454,0
0.44165483,1
0.096438825,0
0.00063362945,0
0.00015944161,0
0.12087234,0
0.5419768,1
1.5523987e-05,0
0.26685494,1
0.00036047763,0
0.0036925252,0
0.009035342,0
0.8758613,1
0.38454425,0
0.9986168,1
0.8461688,1
0.0005710225,0
0.043156024,0
0.020511122,0
0.010039992,0
0.0058897673,0
0.022136185,0
0.029989932,0
0.40722948,0
0.9984163,1
0.9991485,1
0.928311,1
0.006517024,0
0.0058371765,0
0.021365512,0
0.5205126,0
0.002791569,0
0.48339146,1
0.00012436925,0
0.00024185554,0
0.050535254,0
0.020002881,0
0.001743968,0
0.67373705,0
0.0031187986,0
0.12717846,0
0.51162946,0
0.009478028,0
0.60264206,0
0.8358978,1
0.26102394,0
0.108611144,0
0.08222965,0
0.00061971816,0
0.050041128,0
0.06782513,0
0.036151513,0
0.00018112893,0
0.025349993,0
0.0007826717,0
0.105950095,0
0.0010423383,0
0.021766013,0
0.6091871,1
0.029873092,0
0.008066146,0
0.014050747,0
0.35828567,0
0.047335725,0
0.10067924,0
0.021795684,0
0.050005686,0
0.23721042,0
0.0030116318,0
0.68439615,1
0.99733055,1
0.009769334,0
0.88189423,1
0.008092432,0
0.2011993,0
0.10124129,0
0.15028574,0
0.79780316,1
0.2746195,0
0.21986718,0
0.87734854,1
0.37928864,1
0.15788075,0
0.036925275,0
8.8953595e-05,0
0.45671806,0
0.10468024,0
0.0059975977,0
0.056425046,0
0.087724306,0
0.57414514,1
0.00890983,0
0.03959062,0
0.99812067,1
0.2981656,0
0.002658551,0
0.00077443547,0
8.503033e-05,0
0.030101437,0
0.04539393,0
0.00898683,0
0.2863165,0
0.9920967,1
0.28381723,0
0.0011019569,0
0.00020739548,0
0.019313062,0
0.021115653,0
0.23188019,0
0.38981512,0
0.621298,0
0.00087821356,0
0.057402574,0
0.009803251,0
0.7855196,1
0.20189759,0
0.00051863806,0
0.01273766,0
0.11334636,0
0.14104773,1
0.037582085,0
0.0015835019,0
8.6061365e-05,0
0.992329,1
0.023082267,0
0.06782108,0
0.20711598,0
0.07560678,0
0.04504834,0
0.017791402,0
0.8246578,1
0.0018639636,0
0.013474392,0
0.004448447,0
0.00824448,0
0.0006610022,0
0.42796412,0
0.16117974,0
0.74285245,0
0.031179484,0
0.000788367,0
0.5181234,1
0.010471621,0
0.0052135433,0
0.011732774,0
0.0002863778,0
0.29505312,1
0.99327266,1
0.001816925,0
0.001969252,0
0.8538922,1
0.0001108884,0
0.84937125,1
0.26925844,0
0.46576923,0
0.4460939,0
0.99652183,1
0.015076594,0
0.48136622,1
0.08446958,0
0.20077422,0
0.005776751,0
0.07908408,0
0.0075539974,0
0.110231794,0
0.0013584249,0
0.000724909,0
0.05546562,0
0.4685269,0
0.00034157856,0
0.97335356,1
0.6157999,0
0.59080535,1
0.5431761,1
0.26757285,0
0.015332537,0
0.73494554,1
0.042326786,0
0.4488848,0
0.30767027,0
0.99950874,1
0.14145774,0
0.0679978,0
0.010669702,0
0.008947692,0
0.8828044,1
0.6458382,0
0.00049676985,0
0.026653195,0
0.364213,0
0.3990253,1
0.5530722,1
0.029313961,0
0.031148562,0
0.034507062,0
0.14837153,0
0.0049866783,0
0.00018780386,0
0.60926616,1
0.50725245,0
0.3027391,0
0.010543229,0
0.45774198,0
0.6596893,0
0.0018008035,0
0.00017736251,0
0.122632004,0
0.017346608,0
0.0070657013,0
0.0069566006,0
0.02872273,0
0.7128949,0
0.0061885836,0
0.004323015,0
0.60199076,0
0.2839323,1
0.30426744,0
0.0004522001,0
0.0031325822,0
0.011692282,0
0.07376528,0
0.79855883,1
0.70074004,0
0.0045541115,0
0.006025092,0
0.009668441,0
0.5651927,1
0.5380874,0
0.0019107597,0
0.47887388,0
0.37396115,1
0.0011547056,0
0.005428125,0
0.05318121,0
0.0002632441,0
0.0613418,0
0.2988974,0
0.3499353,1
0.014337677,0
0.1285344,0
0.012057619,0
0.04874176,0
0.0892423,0
0.033336863,0
0.0014569529,0
0.06270162,0
0.00017809817,0
0.34221584,1
0.42445475,0
0.25267416,1
0.08448587,0
0.0018464256,0
0.0037630997,0
0.7358497,1
0.00010278976,0
0.6892629,1
0.0376035,0
0.004947615,0
0.011246157,0
0.47923785,1
0.5101513,0
0.21485826,0
0.9919239,1
0.027306408,0
0.05582548,0
0.00043612794,0
0.012758312,0
0.16506602,0
0.08718255,0
0.49129876,0
0.009752166,1
0.0063744276,0
0.6829466,1
0.12442951,0
0.58414465,1
0.008689781,0
0.025344197,0
0.32955307,0
0.00018245843,0
0.054752402,0
0.14378664,0
0.059258215,0
0.017796494,0
0.7900801,1
0.0017147835,0
0.00066515343,0
0.0095516555,0
0.034671508,0
0.28787154,0
0.4562238,0
0.02380117,0
0.16911936,0
0.00021459023,0
0.001488211,0
0.19174308,1
0.29022613,0
0.7553631,1
0.41199917,1
0.0058645406,0
0.00082962355,0
0.023823299,0
0.03378751,0
0.11079089,1
0.47509113,0
0.7616985,1
0.015140246,0
0.0050314805,0
0.11601339,0
0.009012478,0
0.015364489,0
0.00030050488,0
0.011149243,0
0.010803966,0
0.100532115,0
0.41865087,1
0.29202056,1
0.86133987,0
0.9957653,1
0.5677057,0
0.08597242,0
0.027529325,0
0.0023423466,0
0.00013717258,0
0.16651754,1
0.001592437,0
0.297982,1
0.10358963,0
0.005364138,0
0.091131926,0
0.0006399195,0
0.19338927,1
0.0025468827,0
0.73425204,1
0.027904507,0
0.0003950713,0
0.40901786,1
0.026766699,0
0.03650865,0
0.99954385,1
0.038841426,0
0.33425632,1
0.77630454,1
0.055945646,0
0.005524778,0
0.0056426525,0
0.41625133,1
0.39657682,0
0.009962971,0
0.0028654851,0
0.00011105019,0
0.98846054,1
0.44360906,1
0.0070174946,0
0.18297221,0
0.10597937,0
0.0327159,0
0.038055588,0
0.0449274,0
0.70268846,0
0.005140352,0
0.00016686427,0
0.2983036,0
0.2147326,0
0.0014823327,0
0.023457222,0
0.00058231363,0
0.007934942,0
0.008690878,0
0.67382675,0
0.015030637,0
0.0014929696,0
0.0036145977,0
0.027394798,0
0.13074753,0
0.8599846,0
0.05084803,0
0.08783475,0
0.14821003,1
0.07215574,0
0.02566861,0
0.0018016237,0
0.04109114,0
0.027264997,0
0.4809609,0
0.016448222,0
0.0130949635,0
0.00076953677,0
0.030926848,0
0.40901786,0
0.5392012,0
0.9980861,1
0.053406782,0
0.16720125,1
0.48727626,1
0.014542076,0
0.017474573,0
0.41675574,0
0.048118856,0
0.026451671,0
0.0071280533,0
0.78457636,1
0.00010582663,0
0.29168195,1
0.030765865,0
0.013059778,0
0.35663843,1
0.0005209325,0
0.6360177,1
0.0016220758,0
0.4683374,0
0.002534851,0
0.0023973968,0
0.20922975,0
0.21353844,0
0.06304034,0
0.47820058,0
0.10958207,0
0.07929051,0
0.9981343,1
0.039415702,0
0.24753132,0
0.043166302,0
0.11096035,1
0.09740058,1
0.9571865,1
0.00017357394,0
0.2036395,1
0.02452464,0
0.1549488,0
0.21346998,0
0.010455283,0
0.010452753,0
0.009196205,0
0.3500376,1
0.0031561484,0
0.28760216,0
0.102169015,0
0.27376935,0
0.030391717,0
0.020613242,0
0.032284427,0
0.07626516,0
0.041352667,0
0.057420455,0
0.6261416,1
0.0129776895,0
0.006103223,0
0.08310712,0
0.035152268,0
0.00030946985,0
0.046489526,0
0.11012723,0
0.67752504,1
8.8113076e-05,0
8.34708e-05,0
0.32549846,0
0.32796034,0
0.09323229,0
0.9791385,1
0.038194317,0
0.0015985525,0
0.021408945,0
0.15078995,1
0.11581732,0
0.85736704,1
0.7928878,1
0.18086539,0
0.0038932078,0
0.0001094135,0
0.4996728,1
0.86541307,1
0.8599545,1
0.08552129,0
0.052718304,0
0.22744045,1
0.02338934,0
0.06927336,0
0.9217591,1
0.0015980944,0
0.6010348,1
0.003686998,0
0.20462027,0
0.0003060942,0
0.16513927,0
0.08831334,0
0.26371285,0
0.008510672,0
0.00016587312,0
0.17616408,0
0.67532843,1
0.9681036,1
0.073986046,0
0.4432989,1
0.40834022,1
9.197687e-05,0
0.0016475149,0
0.034522656,0
0.008713769,0
0.72014606,1
0.0056235977,0
0.00033948605,0
0.00032454816,0
0.039240696,0
0.0016497107,0
0.09845491,0
0.9986307,1
0.0016698937,0
8.905978e-05,0
0.014557431,0
0.52823,0
0.3901769,0
0.014081436,0
0.3732819,0
0.05989047,0
0.0028059618,0
0.00011446448,0
0.7367974,1
0.9990495,1
0.00010576115,0
0.080423884,0
0.00060540513,0
0.99054945,1
0.011511404,0
0.00073550275,0
0.002637045,0
0.6333381,1
0.11076921,0
0.3405909,0
0.03432793,0
0.12610908,0
0.21319702,0
0.020060584,0
0.3572366,0
0.07810863,0
0.005108017,0
0.010121254,0
0.007932165,0
0.031346444,0
7.225434e-05,0
0.03415945,0
0.036661558,0
0.0137258675,0
0.47954637,0
0.04836745,0
0.20829847,0
0.05789897,0
0.52559817,1
0.0016394656,0
0.06661461,0
0.014936747,0
0.6381612,1
0.38973254,1
0.017873498,0
0.040979777,0
0.014816342,0
0.0019411978,0
0.0007506698,0
0.16348134,0
0.6027681,1
0.001580843,0
0.036584366,0
0.22651403,0
0.18969998,0
0.037983224,0
0.44072667,1
0.24852768,0
0.0070106625,0
0.23799284,0
0.014997339,0
0.4944707,1
0.72474056,1
0.6030599,1
0.09315315,0
0.044702616,0
0.36601406,1
0.004635142,0
0.0127268415,0
0.08669183,0
0.5959958,1
0.00014424116,0
0.0046267263,0
0.052142967,0
0.4957114,1
0.000109094486,0
0.03442962,0
0.0002733826,0
0.011006722,0
0.36968532,1
0.01405226,0
0.42382962,1
0.09831496,0
0.0006533082,0
0.5699839,1
0.000823248,0
0.724525,1
0.017008837,0
0.014791353,0
0.99922884,1
0.21238735,1
0.003770567,0
0.40901786,0
0.014010337,0
0.0067320033,0
0.29302984,0
0.0072003985,0
0.001958185,0
0.05929572,0
0.019087492,1
0.00054379273,0
0.54019374,0
0.032253083,0
0.084875405,0
0.99874,1
0.0019210834,0
0.0053763175,0
0.00013665129,0
0.12885624,0
0.00014954094,0
0.9986451,1
0.0036285142,0
0.0007699094,0
0.015924921,0
0.4382128,1
0.308642,0
0.06676815,0
0.0003137382,0
0.9987012,1
0.2514452,0
0.013407508,0
0.18084255,0
0.007888241,0
0.11631495,1
0.00964251,0
0.06825734,1
0.049494717,1
0.0021015413,0
0.011431265,0
0.032703575,0
0.09668077,1
0.40315533,0
0.19713141,0
0.0012768455,0
0.12634349,0
0.01846122,0
0.004205883,0
0.010940547,0
0.039417524,0
0.9896833,1
0.012132588,0
0.7132977,1
0.0011905341,0
0.027831461,0
0.088190004,0
0.9982239,1
0.0076782466,0
0.36495286,0
0.51594526,1
0.01944398,0
0.9872128,1
0.66097826,0
0.9995635,1
0.05587121,0
0.10175027,0
0.4982833,1
0.60841125,1
0.75100505,1
0.016961949,0
0.027116215,0
0.010236976,0
0.09426825,0
0.0033197147,0
0.27573386,1
0.020051114,0
0.013793957,0
0.3781493,1
0.47824845,1
0.1821452,0
0.0013525442,0
0.7496965,1
0.6966803,0
0.001422256,0
0.008033218,0
0.01619035,0
0.40774927,1
0.0042438153,0
0.953709,1
0.05049337,0
0.67907035,1
0.53147244,0
0.022531899,0
0.38514566,1
0.010879397,0
0.044495177,0
0.005818688,0
0.011860142,0
0.052013002,0
0.3337965,1
0.16328867,1
0.153647,1
0.003883892,0
0.19976535,0
0.003634225,0
0.020179681,0
0.033076577,0
0.7947756,1
0.67767984,0
0.025923615,0
0.8528291,1
0.03493484,0
0.12743345,0
0.0006875389,0
0.12730624,0
0.00034690218,0
0.34007946,0
0.23767269,0
0.04441343,0
0.044055562,0
0.9989637,1
0.028587416,0
0.34163794,0
0.14173272,0
0.005204956,0
0.22762401,0
0.08038736,0
0.021225153,0
0.2954653,0
0.108448245,1
0.009987492,0
0.004784216,0
0.000102164646,0
0.40009943,1
0.11170006,0
0.7792101,1
0.009793249,0
0.9984886,1
0.38165286,0
0.0027546578,0
0.03640922,0
0.2663317,1
0.0036060265,0
0.08101538,0
0.001218783,0
0.019271327,0
0.4768342,0
0.29099274,0
0.24494496,0
0.003452647,0
0.12910882,0
0.047417033,0
0.00075390225,0
0.9947672,1
0.0008945172,0
0.38841757,0
0.047548186,1
0.2016488,0
0.43322873,0
0.031631377,0
0.52303576,0
0.0059057837,0
0.016125357,0
0.003605374,0
0.024189988,0
0.0010519135,0
0.18885925,0
0.00014447489,0
0.8337528,0
0.006870611,0
0.16394785,0
0.019876389,0
0.013713127,0
0.016622841,0
0.09718763,1
0.5504687,1
0.0016807147,0
0.017827744,0
0.13630703,0
0.036882445,0
0.03592876,0
0.42726654,0
0.12015854,0
0.15348125,0
0.6284401,0
0.23148957,0
0.21321377,0
0.0066403197,0
0.1479394,0
0.013956445,0
0.99844915,1
0.044299114,0
0.0007098747,0
0.024739815,0
0.03155442,0
0.031400044,0
0.012935266,0
0.037678994,0
0.003454628,0
0.03715082,0
0.9975522,1
0.10875948,0
0.15057167,1
0.030993873,0
0.99918395,1
0.9959343,1
0.6859573,1
0.021327276,0
0.24467401,0
0.20815578,1
0.02489856,1
0.0004629364,0
0.043619335,0
0.32168043,1
8.9140405e-05,0
0.68355095,1
0.9976748,1
0.62787217,1
0.0014441615,0
0.57458913,1
0.3990348,0
0.0010991524,0
0.8284044,1
0.0017700528,0
0.00028525537,0
0.20536928,0
0.7376254,0
0.02538681,0
0.32388386,1
0.546411,0
0.9993659,1
0.47497836,1
0.5234627,0
0.027310017,0
0.78100234,1
0.013447737,0
0.013876652,0
0.0027251823,0
0.507835,0
0.83212817,0
0.50082284,0
0.21625093,0
0.95727813,1
0.146027,0
0.0009364184,0
0.09634507,0
0.052588664,0
0.008403134,0
0.014723001,0
0.9996613,1
0.99797,1
0.31351843,1
0.013041397,0
0.0046535484,0
0.0019401431,0
0.016237203,0
0.006905793,0
0.2575701,0
0.65294814,1
0.0074628578,0
0.06575517,0
0.0012627702,0
0.015180001,0
0.043456588,0
0.44848546,1
0.004075859,0
0.0082821185,0
0.66979545,1
0.0020991035,0
0.033459336,0
0.56568444,0
0.017281646,0
0.009543692,0
0.110742316,0
0.9990856,1
0.018736796,0
0.030167814,0
0.99958354,1
0.16231395,0
0.12940751,0
0.541176,1
0.99740374,1
0.03274627,0
0.6363794,0
0.0061817546,0
0.72626466,0
0.0468069,0
0.99904364,1
0.006587284,0
0.014195588,0
0.002805727,0
0.5677577,0
0.68263495,1
0.0025180876,0
0.14913349,0
0.004266121,0
0.028451338,0
0.70677,0
0.9847104,1
0.750116,1
0.07785561,0
0.036588993,0
0.96329844,1
0.010591186,0
0.16220142,0
0.8144199,1
0.99204636,1
0.005222917,0
0.061015178,0
0.00016477625,0
0.1086241,0
0.29857728,0
0.08073589,0
0.99682534,1
0.015101388,0
0.016129535,0
0.4485919,0
0.06847995,0
0.36084762,1
0.010361597,0
0.9864109,1
0.82187206,1
0.19193335,0
0.40864715,0
0.07854687,0
0.31831607,1
0.42428368,0
0.005637079,0
0.68560076,1
0.005728087,0
0.029059317,0
0.013037136,0
0.00010085558,0
0.00070970284,0
0.998075,1
0.8373877,1
0.060704686,0
0.43410903,1
0.5518668,1
0.005485905,0
0.0022400932,0
0.78600335,1
0.5444156,1
0.005282905,0
0.97179234,1
0.29530272,1
0.032959912,0
0.019285627,0
9.2819995e-05,0
0.05579854,1
0.084786065,0
0.027998481,0
0.67636436,1
0.24499173,0
0.9995853,1
0.02866899,0
0.00039918761,0
0.018067429,0
0.057216026,0
0.021465257,0
0.13059661,0
0.16406205,0
0.5275637,0
0.025693694,0
0.9918356,1
0.4152481,1
0.9989544,1
0.46533185,0
0.008113592,0
0.12943622,0
0.06317874,0
0.0048544174,0
0.12286581,0
0.0049119713,0
0.9930569,1
0.48186916,0
0.6593104,1
0.0021855982,0
0.021260345,0
0.11840489,0
0.0001274613,0
0.0015429108,0
0.934375,1
0.6135318,1
0.5982775,0
0.020381916,0
0.008149991,0
0.6820825,1
0.02929444,1
0.2822376,0
0.036517657,0
0.57202506,1
0.0073671504,0
0.00860433,0
0.036250647,0
0.00058810017,0
0.004698098,0
0.09783437,0
0.069575354,0
0.010571351,0
0.0035152077,0
0.09434298,0
0.5990569,1
0.43171173,0
0.00034974655,0
0.061723523,0
0.20445399,0
0.011582723,0
0.3036204,0
0.13220598,0
0.0034816437,0
0.0014468727,0
0.0065885573,0
0.4277144,1
0.015277289,0
0.5700733,1
0.001611965,0
0.32345363,0
0.009692787,0
0.1165158,0
0.0033609536,0
0.8577868,0
0.0033755775,0
0.51939744,0
0.9978703,1
0.28821385,0
0.0059815315,0
0.24334303,0
0.07380862,0
0.015554054,0
0.99420816,1
0.97926015,1
0.00017546996,0
0.7238991,1
0.06645577,0
0.006401091,0
0.0011234168,0
0.7806919,0
0.02031162,0
0.028897395,0
0.036859166,0
0.31689653,0
0.5816539,1
8.7737695e-05,0
0.01318264,0
0.5793116,1
0.44910485,1
0.00016091978,0
0.007321673,0
0.00037920865,0
0.024002474,0
0.018148186,0
0.5845701,1
0.9061636,1
0.39536083,0
0.0072916523,0
0.004188067,0
0.0011452116,0
0.005400175,0
0.0018047635,0
0.49693245,1
0.0018404189,0
0.007750629,0
0.010643167,1
0.99790704,1
0.4788124,1
0.042633995,0
0.23717698,0
0.13658151,0
0.5577447,0
0.0333393,0
0.1375585,0
0.0049434006,0
0.030663615,0
0.24004085,1
0.044619273,0
0.9930676,1
0.013449554,0
0.0009471031,0
0.123855755,1
0.14834473,0
0.00041772393,0
0.0037854197,0
0.04877423,0
0.01068701,0
0.01927468,0
0.0031779308,0
0.7826931,1
0.06561456,0
0.53552425,0
0.06812273,0
0.43527836,0
0.19368096,0
0.15878855,0
0.99793243,1
0.88885516,1
0.21616575,0
0.40598735,0
8.8053945e-05,0
0.17432043,0
0.030818049,0
0.7899893,1
0.042086285,0
0.0049130064,0
0.02176008,0
0.0006124262,0
0.02945874,0
0.0030399864,0
0.00026007235,0
0.010442868,0
0.0003676931,0
0.0016769094,0
0.035822045,0
0.0011739022,0
0.030586306,0
0.01421736,0
0.005335765,0
0.5251338,0
0.005373529,0
0.095028415,0
0.0039018884,0
0.2526685,0
0.15009823,0
0.15714483,0
0.20697741,0
8.5512285e-05,0
0.10340891,0
0.008357146,0
0.045143023,0
0.52806664,0
0.038949117,0
0.067565836,0
0.027893778,0
0.09853726,0
0.41499218,0
0.09971189,0
0.0025338794,0
0.0009175643,0
0.003824716,0
0.07203792,0
0.24063905,1
0.0018424051,0
0.013230103,0
0.010478654,0
0.21775384,0
0.9988532,1
0.6122819,0
0.0013047806,0
0.010498534,0
0.038103543,0
0.09847995,1
0.009799498,0
0.04989665,0
0.04590409,0
0.18162134,1
0.4826106,0
0.09288697,0
0.32375798,0
0.30008072,1
0.0027505583,0
0.23910901,0
0.26962316,0
0.14697763,0
0.03873813,0
0.0049810596,0
0.31238437,0
0.06613836,1
0.06294383,0
0.9997875,1
0.0063616955,0
0.32112306,1
0.0005401637,0
0.042558268,0
0.74633145,1
0.19931404,0
0.2375839,0
0.7712493,1
0.9986445,1
0.05627159,0
0.023891833,0
0.5646452,1
0.052480675,0
0.1150765,0
0.0010411186,0
0.002138998,0
0.024524206,0
0.4045961,1
0.50941145,1
0.98834,1
0.00081406406,0
0.097744115,0
0.00021759006,0
0.091959774,0
0.0010735119,0
0.052206665,0
0.0034488612,0
0.997589,1
0.00070996734,0
0.00018142223,0
0.016082594,0
0.13767226,1
0.19441117,1
0.79627097,1
0.0034673277,0
0.12572707,0
0.0028273154,0
0.8143031,1
0.0028765954,0
0.21071044,0
0.99099636,0
0.03271697,0
0.9926192,0
0.99727315,1
0.9841584,1
0.003921633,0
0.7008928,1
0.16820194,0
0.020009654,0
0.06781259,0
0.0014063744,0
0.05297988,0
0.06826585,0
0.00013916552,0
0.38520828,0
0.2539784,1
0.001532304,0
0.004389095,0
0.00015147477,0
0.013610065,0
0.11762015,0
0.01872479,0
0.00083825446,0
0.05725514,0
0.099245064,0
0.01566062,0
0.00013482271,0
0.74194247,1
0.0070899194,0
0.7060174,1
0.0067130076,0
0.61472446,1
0.0004924093,0
0.010816979,0
0.25911167,0
0.3464569,0
0.06782139,0
0.04989482,0
0.4537026,0
0.13808979,0
0.7572921,1
0.16487764,1
0.4859129,1
8.090798e-05,0
0.13115156,1
0.0018669084,0
0.01045258,0
7.145614e-05,0
0.99370766,1
0.30997422,0
0.047508422,0
0.008702684,0
0.0033003683,0
0.0708128,1
0.032826774,0
0.002232639,0
0.058217265,0
0.43186837,1
0.41298825,0
0.0009875746,0
0.19040063,0
0.95363253,1
0.07540893,0
0.0050427746,0
0.001529637,0
0.8226341,0
0.0030690199,0
0.0011426857,0
0.26117808,0
0.0013354097,0
0.012251191,0
0.000741912,0
0.45183602,1
0.000167914,0
0.002681219,0
0.015581921,0
0.007728317,0
0.043778867,0
0.19178192,0
0.1553676,0
0.0005612824,0
0.87890947,1
0.0656672,0
0.038880546,0
0.7387539,1
0.15716404,0
0.120911755,0
0.47672567,1
0.30847678,0
0.7420124,1
0.9952134,1
0.003362778,0
0.16847976,0
0.011153797,0
0.078722596,0
0.00027209806,0
0.64877665,1
0.00028024812,0
0.00065136474,0
0.039276067,0
0.2842762,0
0.013332498,0
0.0045738732,0
0.1766479,0
0.21228918,0
0.15088026,1
0.18135552,0
0.45624954,0
0.19172606,0
0.29680806,0
0.001550997,0
0.039748933,0
0.6037785,0
0.07164895,0
0.05631385,0
0.15966408,0
0.067317046,0
0.00063668494,0
0.24159832,1
0.20959583,0
0.0021533812,0
0.24153993,0
0.9992584,1
0.03252258,0
0.0031998982,0
0.005174283,0
0.19950408,0
0.026046619,1
0.09643032,0
0.8327054,1
0.025166508,0
0.0029140909,0
0.0827388,0
0.6493882,1
0.2991583,1
0.33640492,0
0.6948337,1
0.0021784534,0
0.0015999761,0
0.005989328,0
0.0221427,0
0.031550623,0
0.018959416,0
0.0015509297,0
0.0050385683,0
0.0073713986,0
0.77413034,1
0.26032254,0
0.0002645938,0
0.0033334072,0
0.088411845,0
0.020861637,0
0.011771811,0
0.047185473,0
0.0015671387,0
0.04932348,0
0.6922972,0
0.036300983,0
0.5452495,0
0.7849505,1
0.37716004,0
0.9995972,1
0.0016216927,0
0.08202444,0
0.041312978,0
0.9993949,1
0.11027285,0
0.9983884,1
0.034790095,0
0.023084909,0
0.0012231161,0
0.5561143,1
0.07979432,0
0.6689256,1
0.025810096,0
0.39984667,0
0.031734634,0
0.020843605,0
0.0143004805,0
0.9851197,1
0.003462112,0
0.40977407,1
0.18426493,0
0.007390617,0
0.043577243,0
0.0024149858,0
0.19496782,0
0.24944158,0
0.994514,1
0.20640092,1
0.5728446,1
0.036613375,0
0.013725741,0
0.0031186799,0
0.0428123,0
0.00015066148,0
0.08125322,0
0.012788755,0
0.0028382593,0
0.06818708,0
0.14416456,0
0.06884378,0
0.83429253,1
0.9984063,1
0.8201432,1
0.0994738,0
0.013302071,0
0.28598797,1
0.010441351,0
0.11002086,0
0.39856163,0
0.050485324,0
0.0023696148,0
0.30709884,0
0.623531,1
0.0026717633,0
0.00088402454,0
0.10983266,0
0.5178597,1
0.026922163,0
0.008603325,0
0.9703043,1
0.06566168,0
0.026668077,0
0.034802467,0
0.037042987,0
0.5205791,1
0.0006014429,0
0.019033913,1
0.5727426,1
0.028636564,0
0.024449168,0
0.010035253,0
0.055152427,0
0.0018504815,0
0.022242447,0
0.99479306,1
0.011732441,0
0.31597465,0
0.43919778,0
0.034797423,0
0.20566848,0
0.09863156,1
0.9545158,1
9.774299e-05,0
0.012882737,0
0.62767595,0
0.6974188,0
0.0066222115,0
0.6927534,0
0.0010531427,0
0.024269145,0
0.678108,1
0.013806487,0
0.36799634,1
0.003490864,0
0.00024459985,0
0.9968688,1
0.01313425,0
0.43912554,0
0.15386306,0
0.252938,1
0.72608685,1
0.728544,1
0.38304362,0
0.22086632,0
0.00861666,0
0.12760827,1
0.5237042,1
0.31648302,0
0.05691315,0
0.00081501406,0
0.03137057,0
0.27776462,0
0.30918095,0
0.4419536,0
0.0466896,0
0.0012784998,0
0.9793172,1
0.33225617,0
0.025640333,0
0.6989508,1
0.00016511236,0
0.4607359,0
0.15373476,1
0.021900497,0
0.658482,1
0.99761474,1
0.542045,1
0.00057290716,0
0.34232727,1
0.07909066,0
0.01820003,0
0.110900655,0
0.07035367,0
0.00012482025,0
0.25999913,0
0.5088594,0
0.1330161,0
0.33984876,1
0.013475235,0
0.0058841445,0
0.40284243,0
7.1410774e-05,0
0.36712682,0
0.5754393,1
0.0022431903,0
0.0050670058,0
0.5548084,1
0.09719004,0
0.37583584,0
0.07824444,0
0.47679287,1
0.68717617,1
0.00876427,0
0.0029504127,0
0.06869891,0
0.29295602,0
0.009731334,0
0.82674444,1
0.07036306,0
0.0054079616,0
0.0015013459,0
0.011805007,0
0.27204862,0
0.08616366,0
0.8738078,1
0.0017525979,0
0.0028014597,0
0.04309313,0
0.4175887,0
0.8977032,1
0.0050798706,0
0.039498635,0
0.0010389165,0
0.008463743,0
0.5492172,1
0.15003143,1
0.006707318,0
0.059734978,0
0.035899702,0
0.045037534,0
0.30612433,0
0.012035503,0
0.020276971,0
0.9441244,1
0.022566603,0
0.004358844,0
0.00028015755,0
0.89975137,1
0.005270683,0
0.058427684,0
0.77212733,1
0.02047346,0
0.0004007799,0
0.0016291793,0
0.0005183964,0
0.28081435,0
0.6115052,1
0.021842357,0
0.7085063,1
0.22807558,1
0.002520628,0
0.6616155,0
0.2365021,0
0.07116572,0
0.57499653,0
0.6394097,1
0.699125,1
0.66554093,1
0.007875458,0
0.016537929,0
0.00034694435,0
0.0003123623,0
0.13070436,0
0.005011005,0
0.05827718,0
0.00039058825,0
0.0013270102,0
0.029290047,1
0.5032678,0
0.118712805,0
0.03419115,0
0.017892206,0
0.0028789202,0
0.05935725,0
6.279038e-05,0
0.8274244,1
0.00061085337,0
0.0033094971,0
0.052829213,0
0.15110725,0
0.009995204,0
0.676631,1
0.13592196,0
0.30385736,0
0.6272819,0
0.0015776114,0
0.027090501,0
0.7006594,0
0.5174104,0
0.19785874,0
0.0006630531,0
0.65372485,1
0.0027586557,0
0.06190046,1
0.25898886,0
0.29935303,0
0.7192574,1
0.06026519,0
0.0077886647,0
0.11987533,0
0.0014196708,0
0.066767566,0
0.047503375,0
0.0565943,0
0.1435913,0
0.13203745,0
0.03425599,0
0.093749,1
0.027747784,1
0.24347015,0
0.0025851328,0
0.00038232197,0
0.20197275,0
0.05614583,0
0.0028010015,0
0.007180712,0
0.04779032,0
0.20346412,0
0.41310868,1
0.9925402,1
0.5972015,1
0.002255539,0
0.049150944,0
0.0026309544,0
0.98067653,1
0.036376856,0
0.38340414,0
0.3817335,1
0.13697658,0
0.00034338477,0
0.0005547106,0
0.65163517,0
0.78235453,1
0.0047793644,0
0.52717245,1
0.019720994,0
0.008623599,0
0.031150606,0
0.24154587,0
0.0048747235,0
0.47853652,0
0.009588917,0
0.14161019,0
0.01021105,0
0.7392484,1
0.027895162,0
0.25078356,0
0.0012600877,0
0.51311785,1
0.0066058016,0
0.11382034,0
0.011175386,0
0.66678613,1
0.091985315,0
0.010644323,0
0.33623335,0
0.83324987,0
0.00020588508,0
0.019182438,0
0.1996142,0
0.024256937,0
0.04636998,0
0.0032158787,0
0.29898605,0
0.000121729434,0
0.98912954,1
0.4723211,1
0.026417062,0
0.99921054,1
0.22466402,1
0.002402508,0
0.565384,0
0.018771123,0
0.16943417,0
0.07781707,0
0.80817163,1
0.046944104,0
0.038177066,0
0.99561006,1
0.0036003306,0
0.2053024,0
0.024348665,0
0.0026064545,0
0.19576448,1
0.28234127,0
0.2624251,0
0.2146639,0
0.00033266484,0
0.0003084545,0
0.10687959,1
0.024266561,0
0.046893395,0
0.46278304,1
0.28785756,0
0.85491496,1
0.041207988,0
0.93887746,1
0.008752944,0
0.0009214709,0
0.36899307,1
0.07322395,0
0.8880275,0
0.21548489,0
0.00028281225,0
0.7598272,1
0.00729335,0
0.0029406296,0
0.005429976,0
0.58651966,1
0.03477717,0
0.99323213,1
0.6123233,1
0.6749674,0
0.04325468,0
0.01777412,0
0.5595966,1
0.9931952,1
0.0011318125,0
0.3991303,0
0.37867162,1
0.46424335,0
0.0055079707,0
0.0025322167,0
0.05175814,0
0.016519506,0
0.9971981,1
0.008385376,0
0.0018538393,0
0.020194964,0
0.34433573,1
0.012309364,0
0.56254846,0
0.25710672,0
0.004680154,0
0.43186793,1
0.5250863,1
0.0058826134,0
0.007214104,0
0.10029568,0
0.00015976165,0
0.15466681,0
0.006702869,0
0.008553805,0
0.84540653,1
0.008110012,0
0.9984273,1
0.0016510056,0
0.025464881,0
0.8496293,1
0.041746758,0
0.25126052,0
0.00010483748,0
0.012751165,0
0.8577269,1
0.02788738,0
0.00033255163,0
0.061048694,0
0.34838453,0
0.018008083,0
0.00043975672,0
0.0004261396,0
0.1760549,0
0.0022701123,0
0.06804476,0
0.9978343,1
0.9615966,1
0.053218246,0
7.833466e-05,0
0.7577017,1
0.00030063358,0
0.99537575,1
0.00027656948,0
0.7774118,1
0.9990349,1
0.029707883,0
0.0003124701,0
0.0024593277,0
0.04462599,0
0.5872468,1
0.12634349,0
0.024946632,0
0.07113775,0
0.72963995,1
0.12360491,0
0.9965145,1
0.00035563827,0
0.00022182884,0
0.12523767,0
0.4250824,0
0.029683912,0
0.00710448,0
0.09976564,0
0.0006129871,0
0.00011366927,0
0.27133983,0
0.9996382,1
0.0022408,0
0.005498169,0
0.16419551,0
0.6460999,0
0.57451236,1
0.8842945,1
0.75474083,1
0.88623303,1
0.096606,0
0.0042552073,0
0.012305167,0
0.0023219658,0
0.0786337,0
0.09922239,0
0.00026121223,0
0.0717535,0
0.006714442,0
0.0041321134,0
0.0047837347,0
0.03932954,0
0.3749545,1
0.119433664,1
0.00050172134,0
0.021706304,0
0.20947866,0
0.4170485,0
0.13862678,0
0.30856124,0
0.035752013,0
0.7022772,1
0.2570386,0
0.2835793,0
0.0053362004,0
0.0839689,0
0.05263455,0
0.14967345,0
0.00042461473,0
0.013753524,0
0.0026750967,0
0.3136869,1
0.0015107271,0
0.007067977,0
0.71940196,1
0.0017984435,0
0.8799208,1
0.0036056223,0
0.02767263,0
0.061123826,0
0.025871005,0
0.041947145,0
0.0063268556,1
0.2677562,0
0.035445955,0
0.059931017,0
0.008273413,0
0.14320472,0
0.027173761,0
0.85835946,1
0.0034604133,0
0.45490542,1
0.0858377,0
0.0038557847,0
0.0051163645,0
0.3640152,1
0.015096566,0
0.3997612,1
0.6109347,0
0.00022184642,0
0.010645006,0
0.0058612716,0
0.25261855,1
0.41798526,1
0.008282526,0
0.99910843,1
0.0056052287,0
0.35905612,0
0.75120676,1
0.2996815,1
0.005444447,0
0.003475699,0
0.63484895,0
0.7362878,0
0.49077207,0
0.013393593,0
0.16197155,0
0.1421253,0
0.49207926,0
0.07892505,0
0.66675425,0
0.0001894199,0
0.953554,1
0.0007388818,0
0.011737739,0
0.0005922441,0
0.00022382892,0
0.00024352569,0
0.037970245,0
0.045636352,0
0.004547938,0
0.62647176,0
0.01682213,0
0.30774492,1
0.41343242,0
0.002299923,0
0.00020172607,0
0.00017579418,0
0.094692536,1
0.020052744,0
0.25522777,0
0.057963513,0
0.0001442673,0
0.20291927,0
2.7211552e-05,0
0.40618747,0
0.71163225,0
0.97541845,1
0.6900395,1
0.19519661,0
0.28526655,0
0.30356896,0
0.5621865,0
0.00029919986,0
0.99977577,1
0.09066413,0
0.038437534,0
0.06577484,0
0.08283734,0
0.0029264118,0
0.08231532,0
0.016874705,0
0.73640597,1
0.07302193,0
0.30529827,1
0.7532545,1
0.20552292,0
0.8622162,1
0.41364735,0
0.01757881,0
0.46275082,1
0.00029193258,0
0.23741832,0
0.39823082,1
0.30090773,0
0.64255697,0
0.0015204686,0
0.001659767,0
0.7104295,0
0.017115783,0
0.15399885,0
0.00016066052,0
0.23493142,1
0.07322288,0
0.00022712824,0
0.022408873,0
0.010156304,0
0.012948903,0
0.00017878556,0
0.27211124,0
0.016468717,0
0.38403314,1
9.859879e-05,0
0.8465166,1
0.007357045,0
0.005693266,0
0.0022034885,0
0.35303378,0
0.44494385,0
0.008515351,0
0.28224677,0
0.01749152,0
0.6349237,0
0.99147403,1
0.023400223,0
0.025358686,0
0.0035666432,0
0.009591616,0
4.07865e-05,0
0.043990456,0
0.06743651,0
0.0045382227,0
0.19845812,1
0.99874496,1
0.12571655,0
0.020425161,0
0.11298106,0
0.002423603,0
0.023214944,0
0.10811405,0
0.021258868,0
0.3032703,0
0.4957114,1
0.5992886,0
0.5633024,0
0.23378403,0
0.9992348,1
0.006174707,0
0.5242603,1
0.06346809,0
0.5229618,0
0.65660375,0
0.022563638,0
0.1357903,0
0.11845241,1
0.06684896,0
0.3141356,0
0.22869572,0
0.97654593,1
0.06662576,0
0.99842435,1
0.592018,0
0.17345458,1
0.018373456,0
0.420659,1
0.88232553,1
0.76632273,0
0.07128135,0
0.28494832,0
0.012329729,0
0.13434513,1
0.6704535,0
0.0026437228,0
0.039358933,0
0.16681716,0
0.0027310292,0
0.1411712,0
0.006635704,0
0.006559127,0
0.9830595,1
0.41212344,0
0.5088007,1
0.7731797,0
0.7635788,1
0.51037586,0
0.00028978405,0
0.068648934,0
0.20585796,1
0.005392774,0
0.010313444,0
0.23877189,0
0.0010805592,0
0.15662739,0
0.3423856,0
0.002418721,0
0.6597689,1
0.039460752,0
0.0032748324,0
0.14318208,1
0.0068645803,0
0.00011375527,0
9.2872135e-05,0
0.9936358,1
0.4261032,0
0.014358247,0
0.00023782,0
0.026621604,0
0.95451194,1
0.9988062,1
0.11805485,0
0.6368791,0
0.6710723,1
0.48515695,0
0.0011529279,0
0.00038581857,0
0.0018608362,0
0.013042046,0
0.0024681191,0
0.056183033,0
0.32267484,0
0.1677109,0
0.008999388,0
0.014137885,0
0.7346813,1
0.84557116,0
0.83058864,1
0.00014475053,0
0.38660473,0
0.011222919,0
0.0009570363,0
0.42141017,0
0.118363336,1
0.0072062695,0
0.0017832884,0
0.093852535,0
0.751831,1
0.0005251604,0
0.007575649,0
0.025173452,0
0.0438614,0
0.20424259,0
0.014244524,0
0.97479117,1
0.04412182,0
0.8085276,1
0.026231784,0
0.51916283,0
0.37049103,1
0.0005036857,0
0.648174,0
0.00025300967,0
0.005929804,0
0.018003192,0
0.0016569344,0
0.002547829,0
0.009751614,0
0.054835,0
0.029543247,0
0.9990141,1
0.75248516,1
0.50247884,0
0.00034834893,0
0.011937914,0
0.0007144177,0
0.00017118067,0
0.06908196,0
0.67899704,0
0.35779718,0
0.001725965,0
0.012764348,0
0.053408362,0
0.6477277,1
0.18881996,0
0.00015314828,0
0.0039117737,0
0.081676506,0
0.97176063,1
0.21023223,0
0.14292659,0
0.009673085,0
0.024879696,0
0.07799192,0
0.9949867,1
0.32462418,1
0.27408847,1
0.0055503747,0
0.0053060837,0
0.59050524,1
0.0004781605,0
0.00041160238,0
0.0652475,0
0.018269144,0
0.057223707,0
0.0023038907,0
0.016284555,0
0.19123478,0
0.046924,0
0.99968195,1
0.0040256926,0
0.015519676,0
0.9835814,1
0.0011008794,0
0.02240572,0
0.32248327,1
0.013257059,0
0.9975425,1
0.58648235,0
0.007522145,0
0.30901334,1
0.10225077,0
0.054892637,0
0.08741715,0
0.27655274,0
0.19551265,0
0.011066554,0
0.09727694,0
0.013337165,0
0.64915407,0
0.0008445925,0
0.1468853,0
0.0018424841,0
0.70895237,1
0.9975416,1
0.41854635,0
0.005996119,0
0.37357417,0
0.81510496,1
0.0035204247,0
0.021679182,0
0.00013928939,0
0.058770783,0
0.0014521718,0
0.028727049,0
6.475274e-05,0
0.24505565,1
0.018333448,0
0.0014508435,0
0.11628953,0
0.22601144,1
0.999205,1
0.00084923225,0
0.12626323,0
0.00063929835,0
0.7223159,1
0.00017236025,0
0.008031011,0
0.2039882,1
0.7126065,1
0.6411876,1
0.99422234,1
0.50701773,0
0.1268236,0
0.0017998924,0
0.3420089,0
0.019969609,0
0.40280294,0
0.25400063,0
0.9978858,1
0.12212981,0
0.0074184192,0
0.016208824,0
0.46972567,1
0.4534757,0
0.7858409,0
9.524437e-05,0
0.061813187,0
0.43104082,1
0.723327,1
0.32063305,1
0.00028045874,0
0.009160741,0
0.46058273,0
0.29064986,0
0.00016917895,0
0.00024878903,0
0.009990586,0
0.00015397427,0
0.3974528,1
0.98072135,1
0.3026309,0
0.8268464,1
0.28669646,0
0.009293425,0
0.0050700856,0
0.18442146,0
0.3728102,1
0.03585227,0
0.7597525,1
0.98225653,1
0.19007699,0
0.04395902,0
0.0007859614,0
0.3587713,1
0.39043674,1
0.8236309,1
0.7730805,0
0.99945277,1
0.035381433,0
0.9994186,1
0.4715767,1
0.002228376,0
0.66888857,1
0.0015834544,0
0.8090423,1
0.002146649,0
0.23995952,1
0.5283625,0
0.28100008,1
0.7209226,1
0.13170235,0
8.7038876e-05,0
0.92711574,1
0.00058012654,0
0.46217853,1
0.07734234,0
0.29371405,0
0.07658801,0
0.0015291156,0
0.011433576,0
0.06149468,0
0.58706784,1
0.85180074,1
0.0017694276,0
0.9980609,1
0.30042428,0
0.016937979,0
0.065194644,0
0.004455248,0
0.1517632,0
0.016266447,0
0.036131267,0
0.9298793,1
0.01919244,0
0.002210223,0
0.033278666,0
0.0015158203,0
0.03567745,0
0.0013291296,0
0.006111452,0
0.00017368601,0
0.6121031,1
0.9733613,1
0.83419293,1
0.19627003,0
0.040736515,0
0.05954633,0
0.027534625,0
0.43615675,0
0.08904851,0
0.00010800464,0
0.34456548,0
0.1245424,0
0.99846923,1
0.011539299,0
0.18683352,0
0.0018960827,0
0.22827597,1
0.6602917,1
0.049093343,0
0.0039892704,0
0.0061590923,0
0.995639,1
0.106724165,0
0.009813931,0
0.15198086,0
0.33860976,0
0.41826242,1
0.06482564,0
0.76183075,1
0.021031028,0
0.06332877,0
0.9984067,1
0.0071430625,0
0.15479249,1
0.00042750587,0
0.0003782755,0
0.6901719,1
0.02097009,0
0.34354433,0
0.5084837,1
0.3433158,0
0.49261484,1
0.01659787,0
0.0012667171,0
0.017491799,0
0.00032768768,0
0.0051651923,0
0.042143688,0
0.013255107,0
0.058434494,0
0.00017010728,0
0.4638897,0
0.47757214,1
0.01327954,0
0.00091648044,0
0.14026614,0
0.013513023,0
0.13887389,0
0.8960188,1
0.63291556,1
0.35280564,0
0.026061732,0
0.027015913,0
0.9877073,1
0.1292594,0
0.99969184,1
0.615421,1
0.0034321032,0
0.5191331,1
0.029437533,0
0.0004939269,0
0.044794716,0
0.005764533,0
0.15443964,0
0.29253787,1
0.15922767,0
0.022995997,0
0.9993623,1
0.06371498,0
0.304779,1
0.036200095,0
0.010859327,0
0.6274744,1
0.98454344,1
0.82730275,1
0.16197726,1
0.99242985,1
0.27528796,0
0.07349576,0
0.037947122,0
0.06179127,0
0.0072967997,0
0.0001362256,0
0.00064981374,0
0.81123894,1
0.007309857,0
0.20181307,0
0.49555287,1
0.29775438,1
0.049831204,0
0.3089873,1
0.6174515,0
0.9990107,1
0.37235275,0
0.00042819598,0
0.47288173,1
0.8649936,1
0.0015132611,0
4.981239e-05,0
0.33891702,0
0.14508063,0
0.016268302,0
0.0001990269,0
0.017712133,0
0.0028545707,0
0.008607703,0
2.3189314e-05,0
0.023533229,0
0.19311315,0
0.9337826,1
0.62174034,0
0.12681413,0
0.022694971,0
0.65555954,1
0.68649805,1
0.00017420267,0
0.033464577,0
0.10392811,0
0.2660821,0
0.8624896,1
0.52983356,0
0.2968882,0
0.026707003,0
0.081093684,0
0.05859394,0
0.3976055,1
0.0002266091,0
0.008995068,0
0.40631852,1
0.012086024,0
0.30098218,0
0.99303657,1
0.002898769,0
0.83731127,0
0.0051356065,0
0.0042660283,0
0.024700182,0
0.3956021,0
0.010388275,0
0.05723074,0
0.0048191105,0
0.003907987,0
0.025236402,0
0.00036779532,0
0.66293067,1
0.72614425,1
6.6540146e-05,0
0.1484366,0
0.09250195,0
0.6083377,0
0.00294667,0
0.18546203,0
0.036517758,0
0.016895466,0
0.21270469,1
0.9983878,1
0.24037072,0
0.10306649,0
0.23191562,0
0.6153424,1
0.09324925,1
0.35232452,0
0.0041147806,0
0.056794357,0
0.0054818452,0
0.03630841,1
0.5233721,0
0.023199243,0
0.28292504,0
0.005220779,0
0.009808812,0
0.004105012,0
0.09023031,0
0.00095782906,0
0.28482732,0
0.4531768,0
0.857618,1
0.87310046,1
0.1446587,0
0.00029372267,0
0.84386766,0
0.89146626,1
9.477019e-05,0
0.082377836,0
0.017640322,0
0.011175011,0
0.06807789,1
0.11902575,0
0.58376527,1
0.011179733,0
0.010750142,0
0.0023977961,0
0.0011675,0
0.98458165,1
0.0024313906,0
0.0001656918,0
0.033888757,0
0.10811652,0
0.4896016,0
0.068600714,0
0.00873111,0
0.089895986,0
0.006507691,0
0.21417348,0
0.59042966,1
0.08833885,0
0.00941693,0
0.58289325,1
0.0017506524,0
0.42883927,0
0.014680716,0
0.8600377,1
0.005407998,0
0.4449672,0
0.005424759,0
0.0075268424,0
0.0140673965,0
0.0060247183,0
0.9983858,1
0.24015823,0
0.10736346,0
0.32812986,0
0.7475236,1
0.013050255,0
0.0032348405,0
0.043492462,0
0.72072965,1
0.00016624299,0
0.011724406,0
0.31161636,0
0.00012731299,0
0.00088401866,0
0.07894006,0
0.022320572,0
0.58201116,1
0.026611432,0
0.012182393,0
0.0043364833,0
0.053472377,0
0.048306894,0
0.09454546,1
0.005508997,0
0.00018031971,0
0.007410246,0
0.021807002,0
0.0003310589,0
0.16943257,0
0.6651853,1
0.11788337,0
0.6720778,0
0.9069902,1
0.06918432,0
0.998108,1
0.5952149,1
0.8009149,1
0.003172309,0
0.002437907,0
0.008688922,0
0.12105849,0
0.16274114,0
0.0030359034,0
0.010600918,0
0.20749827,1
0.100387,0
0.99943084,1
0.00014793013,0
0.48994645,1
0.8659684,1
0.0019967544,0
0.08894114,0
0.011269548,0
0.7059265,1
0.0010316239,0
0.21036604,0
0.0023883441,0
0.13701062,0
0.0003175654,0
0.00015847883,0
0.20081325,0
0.45378536,0
0.6729317,1
0.0031085813,0
0.093382284,0
0.40901786,0
0.123300776,1
0.16294853,0
0.008018235,0
0.00024830867,0
0.0015003012,0
0.9493092,1
0.005935659,0
0.0014927655,0
0.35250404,0
0.9918172,1
0.021523641,0
0.89052886,1
0.57732415,0
0.16444497,0
0.056796156,0
0.7066762,1
0.51048416,0
0.43207678,0
0.7726743,1
0.68605834,1
0.16625288,1
0.0019221032,0
0.8149101,1
0.45198226,1
0.03976021,0
0.0054367865,0
0.0067915306,0
0.0034292242,0
0.05391348,1
0.44912782,0
0.04439266,0
0.7924854,1
0.00021666774,0
0.0015508966,0
0.013775903,0
0.0123811895,0
0.9831791,1
0.024467757,0
0.055944186,1
0.047499128,0
0.021749496,0
0.43262213,1
0.6313483,1
0.0008281384,0
0.038784467,0
0.29270348,0
0.0024107676,0
0.8887061,1
0.018518629,0
0.016468229,0
0.11249645,0
0.5347902,1
0.04630031,0
0.022568507,0
0.0037082904,0
0.0068484144,0
0.7723609,1
0.34098604,0
0.0014466956,0
0.24670954,0
0.001243449,0
0.006648506,0
0.012563594,0
0.00025695915,0
0.7521218,0
0.99162877,1
0.020979019,0
0.05502095,0
0.034663837,0
8.0829624e-05,0
0.61322397,1
0.004445002,0
0.13104019,0
0.6730833,1
0.4267574,1
0.00918361,0
0.40146738,0
0.44670552,0
0.044450555,0
0.20519993,0
0.0024770598,0
0.07792203,0
0.14455391,0
0.7817113,1
0.06296931,1
0.14628267,0
0.0035244983,0
0.18329097,0
0.00089233497,0
0.085886545,0
0.004459429,0
0.002160145,0
0.011368095,0
0.69328207,1
0.0046764594,0
0.051361084,0
0.00075780984,0
0.073730685,0
0.21282634,0
0.14338832,0
0.06541809,0
7.0806454e-05,0
0.62528193,0
0.1375746,0
0.22071043,0
0.43412393,0
0.0004918196,0
0.35997882,1
0.015067937,0
0.99796104,1
0.99663717,1
0.000104052364,0
0.29629317,0
0.35175654,0
0.9877051,1
0.0027612664,0
0.25952652,0
0.000465259,0
0.06668663,0
0.41142696,1
0.99894315,1
0.7026159,0
0.013204748,0
0.9959141,1
0.034973137,0
0.049140334,0
0.07098483,0
0.014156757,1
0.32536393,0
0.00017076789,0
0.37828243,1
0.009021251,0
0.052027125,0
0.40524775,1
0.00048530084,0
0.31129774,0
0.18973015,0
0.91295606,1
0.015333848,0
0.41279754,0
0.9983493,1
0.2183828,0
0.2736243,1
0.05249241,0
0.00929779,0
0.7200326,1
0.028556809,0
0.017084958,0
0.68042636,0
0.6111189,1
0.10388889,0
0.011008159,0
0.0146016255,0
5.389224e-05,0
0.9495635,0
0.008448303,0
0.00048383875,0
0.0031795383,0
0.18781357,0
0.5159308,1
0.0006158119,0
0.28744686,1
0.21232247,0
0.00014378347,0
0.70698315,0
0.029015552,0
0.002839261,0
0.013646627,0
0.16854022,0
0.9954796,1
0.0002645966,0
0.037414253,0
0.00012916308,0
0.00818935,0
0.047820486,0
0.38497618,0
0.033635423,0
0.09330578,0
0.0003846016,0
6.416804e-05,0
0.00040088748,0
6.0566897e-05,0
0.4665106,0
0.008272987,0
0.71470535,0
0.30803016,0
0.71141315,1
0.8336609,1
0.8706396,1
0.0030373516,0
0.24224071,0
0.0146903,0
0.0059530605,0
0.3462634,0
0.99926347,1
0.47108284,1
0.9996253,1
0.9953481,1
0.25410533,0
0.035440736,0
0.14323239,0
0.99972934,1
0.00013357238,0
0.99875784,1
0.23286848,0
0.02989738,0
0.36622432,1
0.002143596,0
0.33741152,0
0.099946365,0
0.6154552,1
0.03807201,1
0.16961804,0
0.014066714,0
0.7908809,1
0.40901786,1
0.7842726,1
0.0055108964,0
0.6944471,1
0.75058657,1
0.4620255,1
0.02067081,0
2.9655883e-05,0
0.0032128873,0
0.117113605,0
0.05958318,0
0.81073695,1
0.7035403,1
0.6098605,0
0.5575529,0
0.08582513,0
0.6321262,0
0.08085035,0
0.522521,1
0.73122436,1
0.803682,0
0.5100751,0
0.36336213,0
0.04601239,0
0.019706951,0
0.04903592,0
0.66246915,1
0.2705469,1
0.9974147,1
0.78323185,1
0.9977177,1
0.00043254098,0
0.033281703,0
0.0005467445,0
6.9256566e-05,0
0.16825709,0
0.14770815,0
0.0012927885,0
0.0078552645,0
0.77626014,0
0.34422958,0
0.009656727,0
0.079787016,0
0.0014945497,0
0.0102006495,0
0.07426509,0
0.005716077,0
0.3243258,0
0.02316791,0
0.10604428,0
0.00019868805,0
0.028380018,0
0.0006697231,0
0.39284003,0
0.03414999,0
0.029068813,0
0.102798924,0
0.012021512,0
0.8713148,0
0.009663104,0
0.9939208,1
0.022248806,0
0.02186736,0
0.00010110362,0
0.095246874,0
0.14037423,0
0.20605108,0
0.48260003,0
0.6168225,1
0.113428816,0
0.9991871,1
0.8759929,1
0.0015486616,0
0.4986915,0
0.66928357,1
0.039682634,0
0.20295258,0
0.4729547,1
0.11149146,0
0.16927454,0
0.788955,1
0.0030601202,0
0.31719545,1
0.0057027186,0
0.97702914,1
0.13389125,1
0.28459668,0
0.0017752091,0
0.9948913,1
0.0010666507,0
0.00047362904,0
7.869697e-05,0
0.44231263,1
0.6556138,1
0.06132392,0
0.55350417,1
0.005734323,0
0.031875044,0
0.003954693,0
0.11505216,0
0.0047059553,0
0.021333965,0
0.113757685,0
0.31981984,0
0.24569277,0
0.23075362,1
0.9939476,1
0.0015485451,0
0.0011863122,0
0.0054879,0
0.5901206,0
0.7484684,0
0.053817816,0
0.05879725,0
0.026381949,0
0.7828998,1
0.99367917,1
0.81504184,1
0.0072550536,0
0.026040602,0
0.8523928,1
0.23205023,1
0.0065194657,0
0.9920459,1
0.2576905,0
0.0033005693,0
0.008319952,0
0.026767015,0
0.04010607,0
0.40301234,0
0.019640593,0
0.8269825,1
0.096151665,0
0.0011282892,0
0.18244871,0
0.4420816,1
0.21358475,1
0.0010614804,0
0.39318994,0
0.15986715,0
0.42968577,0
0.0857371,0
0.067686826,1
0.9737109,1
0.35080743,0
0.07139239,0
0.19345236,0
0.0074671754,0
0.23400418,0
0.7278016,1
0.28492907,0
0.2309418,0
0.0012734169,0
0.2842921,0
0.42083278,0
0.9990013,1
0.9923689,1
0.012495206,0
0.38622588,1
0.18959065,0
0.0007098192,0
0.009084247,0
0.03313038,0
0.01674347,0
0.029499102,0
0.40425453,0
0.8790536,1
0.09348816,0
0.026742835,1
0.16058975,0
0.22236232,0
0.02307737,0
0.03708043,0
0.0006614531,0
0.93195647,1
0.79041237,0
0.14372753,0
0.027206844,0
0.87736547,1
0.35702774,0
0.26317054,1
0.027502218,0
0.2675206,0
0.9895693,1
0.06610929,0
0.009077828,0
0.67275566,0
0.0045125145,0
0.27338293,0
0.021734845,0
0.90249765,1
0.011490912,0
0.00012769073,0
0.69666797,1
0.76065785,0
0.9958782,1
0.60963637,0
5.7003566e-05,0
0.50876963,1
0.039796535,0
0.0065648397,0
0.74393195,0
0.00088149775,0
0.00044650896,0
0.003534594,0
0.9958006,1
0.006473922,0
0.33267328,0
0.16533881,0
0.14416957,1
0.0010739282,0
0.79680216,1
9.378095e-05,0
0.4063333,0
0.01051268,0
0.0026687295,0
0.089638464,0
0.725543,1
0.18554904,1
0.012399944,0
4.5073986e-05,0
0.5880211,1
0.00030107817,0
0.15064007,0
0.0031634264,0
0.004879269,0
0.066864535,0
0.70612985,0
0.027323687,0
0.9983541,1
0.0016878735,0
0.99596834,1
0.010575607,0
0.7307089,0
0.9953583,1
7.9313766e-05,0
0.4643301,0
0.504625,1
0.03047983,0
0.025006678,0
0.014060216,0
0.20481244,0
0.00077660446,0
0.5486726,0
0.08409625,1
0.030815383,0
0.069430366,0
0.56775767,1
0.026867991,0
0.0816804,0
0.00032403154,0
0.08907836,0
0.019409463,0
0.00011696139,0
0.99811375,1
0.74603707,0
0.8395257,1
0.0065427385,0
0.029520575,0
0.00015174483,0
0.6419991,1
0.34888572,1
0.11186775,1
0.36844233,0
0.15466371,1
0.9797039,1
0.013212105,0
0.61207414,0
0.12804061,0
0.41781443,0
0.81365395,1
0.10333711,0
0.112456694,0
0.10913552,0
0.12989305,0
0.0021761565,0
0.0026013227,0
0.25668946,1
0.12683664,0
0.96197426,1
0.3534765,1
0.0043462515,0
0.015661702,0
0.016870243,0
0.0093302345,0
0.0051843757,0
0.00748838,0
0.62050116,1
0.00017050398,0
1.6823504e-05,0
7.923304e-05,0
0.0015772951,0
0.7716859,0
0.5281403,1
0.00019991223,0
0.00030383398,0
0.14473838,0
0.0692009,0
0.023585668,0
0.58751315,0
0.9989642,1
0.60533535,0
0.32889447,0
0.001245718,0
0.00213539,0
0.8173291,1
0.017209897,0
0.06913479,0
0.05515312,0
0.5664654,0
0.2388489,0
0.0003448172,0
0.023837183,0
0.03722673,0
0.37640044,0
0.00309029,0
0.019049933,0
0.25933105,0
0.017617423,0
0.08703223,0
0.9872961,1
0.00070200814,0
0.012344639,0
0.0003498641,0
0.5471487,1
0.2292182,0
0.18346019,0
0.11365209,0
0.94648755,1
0.026105994,0
0.00048837846,0
0.1739449,0
0.00035455634,0
0.00037780264,0
0.002908853,0
0.29551914,1
0.124942206,0
0.72559655,1
0.030714383,0
0.14830762,1
0.028144384,0
0.6355633,1
0.06794726,0
0.59274423,0
0.9982974,1
0.36725107,0
0.26106918,1
0.25292248,0
0.0012396006,0
0.45970052,0
0.021438211,0
0.29351112,0
0.08505668,0
0.08206423,0
0.0030401482,0
0.005751626,0
0.10129182,0
0.8974503,1
0.0064132037,0
0.0040923487,0
7.537841e-05,0
0.012682194,0
0.6387243,0
0.019057598,0
0.5200502,1
0.06319498,0
0.029303204,0
0.0026664054,0
0.042109743,0
0.11807759,0
0.018619545,0
0.4684896,0
0.2925698,0
0.08330827,0
0.0036188266,0
0.14413486,0
0.0044118245,0
0.008171365,0
0.6806418,1
0.0002563088,0
0.021860667,0
0.15655178,0
0.9978095,1
0.041779626,0
0.08749087,0
0.6076029,0
0.35587037,0
0.54954547,0
0.0003907776,0
0.013523203,0
0.009440641,0
0.18670803,0
0.015142642,0
0.14132608,0
0.00020379623,0
0.7114718,0
0.3601365,1
0.00044536256,0
0.016767304,0
0.87194574,1
0.010537809,0
0.0073832287,0
0.98601836,1
0.011741097,0
0.35905612,0
0.20638809,0
0.002241657,0
0.99923086,1
0.3892744,1
0.0012694533,0
0.23133126,1
0.9160472,1
0.7976036,0
0.004458595,0
0.60907984,0
0.00042660153,0
0.16769087,1
0.22870669,0
0.0001730872,0
0.00083898136,0
0.079411805,0
0.7863722,1
0.3619931,1
0.15805458,0
0.15964958,0
0.0041283593,0
0.08935433,1
0.021982392,0
0.0005210261,0
0.1323476,0
0.007569897,0
0.19289081,0
0.014421227,0
0.018399267,0
0.11586672,1
0.0049492233,0
0.12834348,0
0.0125174355,0
0.15942377,0
0.5920146,0
0.10166173,0
0.0014375937,0
0.007830094,0
0.7507301,1
0.43683976,0
0.07203027,0
0.17172965,0
0.14332172,0
0.88318557,1
0.0464754,0
0.36383834,0
0.000833747,0
0.19677547,0
0.8792552,1
0.09726426,1
0.006127954,0
0.04978547,0
0.004299694,0
0.23786727,0
0.10485139,0
0.78813094,1
0.00013934373,0
0.02503362,0
7.71247e-05,0
0.20933919,0
0.012816025,0
0.015632426,0
0.90618354,1
0.0140585955,0
0.74294114,0
0.1994573,1
0.3707556,0
0.23155668,1
0.004395403,0
0.21071927,0
0.019194819,0
0.00076836214,0
0.18551725,1
0.00015778268,0
0.039777443,0
0.023819966,0
0.024741666,1
0.00039218267,0
0.012103253,0
0.23900513,0
0.99464905,1
0.0032699115,0
0.00088328647,0
0.26739255,1
0.3074007,0
0.02954198,1
0.0013270956,0
0.31327513,0
0.01787153,0
0.06507028,0
0.0040021706,0
0.072869614,0
0.2698779,1
0.99870825,1
0.53754157,0
0.99799883,1
0.20964745,1
0.0013425869,0
0.00056382205,0
0.00015022352,0
0.79076624,0
0.039471608,0
0.008264091,0
0.16989289,1
0.0025099553,0
0.3009895,1
0.016498618,0
0.0817348,0
0.004939668,0
0.032374155,0
0.0011500606,0
0.5267907,0
0.23850986,0
0.63499224,1
0.10336389,0
0.8409482,1
0.014052497,0
0.0059190933,0
0.25319824,0
0.8949645,1
0.41541854,1
0.108803764,0
0.0018817954,0
0.94163716,1
0.30058506,0
0.9957606,1
0.26658842,1
0.73918444,1
6.946743e-05,0
0.00011454955,0
0.018209923,0
0.022275632,0
7.040443e-05,0
0.03670042,0
0.2934495,1
0.11812081,0
0.035571706,0
0.00022405549,0
0.22807536,0
0.7107231,1
0.5298546,0
0.0004067576,0
0.67039603,1
0.027858812,0
0.55199605,0
0.010678906,0
0.8057456,1
9.8570505e-05,0
0.77316225,1
0.43184957,0
0.079340234,0
0.3447953,1
0.05734358,0
0.6435986,1
0.10002186,0
0.00066305435,0
0.13518733,0
0.008667026,0
0.18198887,0
0.20847623,0
0.3393243,0
0.74993306,1
0.0008617349,0
0.014311796,0
0.019459132,0
0.0052661975,0
0.0036930987,0
0.59249943,0
0.13013153,0
0.10894599,0
0.06922695,0
0.0010883855,0
0.016683044,0
0.008933686,0
0.2512525,1
0.018644432,0
0.49696088,1
0.0031698868,0
0.17787747,0
0.025855064,0
0.43248826,0
0.31793538,0
0.027753925,0
0.02184849,0
0.99727565,1
0.24308772,0
0.38738996,1
0.020425329,0
7.785648e-05,0
0.034587037,0
0.029455358,0
0.81100684,1
0.024489159,0
0.0012581503,0
0.00031106867,0
0.0740984,0
0.061138738,0
0.00017551966,0
0.77554214,1
0.25729275,0
0.08823879,0
0.3590841,0
0.04057668,0
0.004457357,0
0.5431798,1
0.300687,0
0.006446997,0
0.124158844,0
0.00052844686,0
0.14125624,0
9.304624e-05,0
0.0014630578,0
0.0029517203,0
0.043354917,0
0.8100279,1
0.036213808,0
0.02177144,0
0.35609093,1
0.7614722,1
0.059424706,0
0.00729217,0
0.107395306,0
0.06845859,0
0.000106678715,0
0.99891233,1
0.021097004,0
0.010549752,0
0.0064505227,0
0.2586595,0
0.005748333,0
0.033964887,0
0.14294487,0
0.7939956,1
0.002751729,0
0.9972955,1
0.7195283,1
0.3234567,0
0.0020127303,0
0.17763425,1
0.552566,1
0.13995859,0
0.8073074,0
0.096169315,0
0.024172077,0
0.010943978,0
0.00029714854,0
0.009184334,0
0.025533695,0
0.73063195,1
0.99938166,1
0.6319601,1
0.0014710061,0
9.266602e-05,0
0.9847697,1
0.99643147,1
0.0036588453,0
0.068305984,0
0.048728667,0
0.97829664,1
0.09354869,0
0.030859262,0
0.57312584,1
0.09876773,0
9.123532e-05,0
0.24363835,0
0.13195562,0
0.008898683,0
0.02956656,0
0.09011854,0
0.18298578,0
0.55566686,0
0.038584698,0
0.0044423863,0
0.28190315,0
0.0016069725,0
0.12173568,0
0.0019810381,0
0.010135428,0
0.008831726,0
0.00012383518,0
0.54122525,1
0.9982799,1
0.0028962726,0
0.033602882,0
0.6804234,1
0.40429544,0
0.14588635,0
0.052429743,0
0.4459989,0
0.15522544,0
0.0014243094,0
0.0045060394,0
0.0012148867,0
0.77511805,1
0.031138757,0
0.072137736,0
0.25709105,0
0.26117834,0
0.99173844,1
0.0072606564,0
0.3856347,0
0.83172715,1
0.8667599,1
0.0018261332,0
0.006140731,0
0.00013408666,0
0.020340446,0
0.013325247,0
0.09763853,0
0.086013,1
0.0049097603,0
0.010526608,0
0.014913304,0
0.99906003,1
0.039988115,0
0.5371825,0
0.1850767,0
0.0005656818,0
0.22629862,0
0.00012222271,0
0.015723918,0
0.9994604,1
0.0043488005,0
0.42701358,0
0.015116665,0
0.009217623,0
0.038286187,0
0.11477856,0
0.0037813291,0
0.048931487,0
0.9950391,1
0.02903093,0
0.9958641,1
0.0011082148,0
0.20357303,0
0.19424662,0
0.07392663,1
0.031651538,0
0.6830119,0
0.1278492,0
0.0002007412,0
0.0066740154,0
0.0012947293,0
0.105690286,1
0.005249207,0
0.20282383,0
0.02315745,0
0.08239605,0
0.8752322,0
0.35906774,0
0.6591678,0
0.006990741,0
0.0036435523,0
0.79964036,1
0.011486066,0
0.2734063,1
0.07480416,0
0.0012642394,0
0.46231562,0
0.23266092,0
0.7906893,1
0.009195744,0
0.11763044,0
0.99367297,1
0.12523288,0
0.22649792,0
0.030731399,0
0.00025869536,0
0.081877574,1
0.21847768,0
0.005469526,0
0.0005879379,0
0.08826711,0
0.08241989,0
0.0007669657,0
0.81337154,1
0.13284005,0
0.16344944,0
0.050795425,1
0.030866802,0
0.06801858,0
0.0012753517,0
0.026700642,0
0.34590873,1
0.99956167,1
0.6073789,0
0.40482965,0
0.15824644,0
0.034539882,0
0.13334648,0
0.27563027,1
0.08459186,1
0.849707,1
0.0016850773,0
0.043203406,0
0.0013411255,0
0.70882875,0
0.002532407,0
0.38861653,1
0.003236623,0
0.013021337,0
0.34870934,1
0.06409024,0
0.8317946,1
0.019890593,0
0.03797932,0
0.24199942,0
0.49214202,0
0.0076453174,0
0.009118815,0
0.771589,0
0.657391,1
0.08520539,0
0.014271239,0
0.20476177,0
0.007865417,0
0.4883236,1
0.076031715,0
0.6840764,1
0.99927026,1
0.007780974,0
0.12506972,1
0.988197,1
0.013488096,0
0.4943164,0
0.111054875,0
0.028770838,0
0.006902968,0
0.20099422,1
0.01179859,0
0.0013859378,0
0.01566381,0
0.22010049,0
0.5578562,0
0.015516842,0
0.0073091923,0
0.6749674,1
0.35298735,0
0.027749622,0
0.063184895,0
0.34838596,1
0.1381011,0
0.0005069391,0
0.122872874,0
0.0031778992,0
0.5521128,0
0.23405924,0
0.60505366,1
0.041536786,0
0.89587164,1
0.00010269756,0
0.008222562,0
0.741924,1
0.0031285181,0
0.018642591,0
0.38829127,0
0.047529414,0
0.007653012,0
0.29417887,0
0.018614765,0
0.0047675846,0
0.02059599,0
0.007260488,0
0.023677526,0
0.9995476,1
0.71658504,1
0.032601923,0
0.011074959,0
0.2742739,0
0.693373,1
0.09648583,0
0.28159443,0
0.39568648,0
0.036946993,0
0.095235616,0
0.84074163,1
0.30245686,0
0.0005486915,0
0.332181,0
0.72038573,1
0.003319926,0
0.012680342,0
0.004194993,0
0.72932374,1
0.13090068,0
0.00017568927,0
0.01418941,0
0.65699315,0
0.38667086,1
0.32701355,0
0.25786567,0
0.9388809,0
0.025416315,0
0.45970052,1
0.013738398,0
0.017563343,0
0.03351661,0
0.0005843689,0
0.99652064,1
0.6004831,1
0.04700287,0
0.22834246,0
0.0007191607,0
0.19732349,0
0.9993187,1
0.12799548,0
9.3250084e-05,0
0.02002323,0
0.995077,1
0.092076644,1
0.18277988,0
0.016348545,0
0.43316412,0
0.022402298,0
0.1968077,0
0.604674,1
0.04567745,1
0.003534823,0
0.027343059,0
0.0072344346,0
0.99146444,1
0.50160307,0
0.5263845,1
0.03781982,0
0.9854909,1
0.1303418,0
0.9991754,1
0.0058082263,0
0.2357425,0
0.026424408,0
0.0017148514,0
0.993472,1
0.012805074,0
0.99868166,1
0.66596687,1
0.015526472,0
0.9228123,1
0.08615174,0
0.7035967,0
0.024728065,0
0.101565935,0
2.900752e-05,0
0.5470633,1
0.0004926247,0
0.012595857,0
0.21151409,0
0.39817464,1
0.20674567,0
0.1479916,0
0.4809751,1
0.99323285,1
0.56136,1
0.015635597,0
0.43581066,0
0.9992021,1
0.4018712,1
0.000119899356,0
0.74733603,1
0.0737735,0
0.02705725,0
0.03363802,0
0.9970167,1
0.003187155,0
0.013729213,0
0.54216146,1
0.9993394,1
0.008129021,0
0.00012536453,0
0.40052527,0
0.0001439194,0
0.26723653,0
0.85329854,1
0.0091039315,0
0.014066273,0
0.013356613,0
0.0152022,0
0.8546206,1
0.45999274,0
0.6491258,0
0.08262443,0
0.9830724,1
0.02682658,0
0.040488623,0
0.6835896,1
0.0033081858,0
0.26828244,0
0.99848443,1
0.03198776,0
0.029446745,0
0.0052882847,0
0.0030989898,0
0.94663906,1
0.012144298,0
0.054793358,0
0.21589835,0
0.01031747,0
0.77257085,1
0.734868,1
0.0012321104,0
0.00066398934,0
0.023087844,0
0.54697347,1
0.008180277,0
0.014811672,0
0.00064623717,0
0.45712703,0
0.93015206,1
0.01832479,0
0.2683743,0
0.00011572618,0
0.07909893,0
0.37152612,0
0.11553999,0
0.058649503,0
0.7035707,1
0.08187379,0
0.010191361,0
0.99948394,1
0.00075296493,0
0.076057084,0
0.056184568,0
0.43800706,0
0.0078008645,0
0.8208437,1
0.38189194,1
0.013712546,0
0.039803933,0
0.20002207,0
0.07683817,0
0.01797854,0
0.01887419,0
0.0477303,0
0.029902453,0
0.43579704,0
0.000103685205,0
0.47232348,1
0.00022516845,0
0.38685694,0
0.3657709,1
0.4397257,1
0.00023248435,0
0.16015545,0
0.004360508,0
0.4123722,0
0.8099731,1
0.16742015,0
0.99938476,1
0.046225168,0
0.399521,0
0.46987382,1
0.020700838,0
0.2556391,0
0.8075353,0
0.07836063,0
0.00084588106,0
0.021059988,0
0.45213383,0
0.23659925,0
0.25331587,0
0.011807266,0
0.018787963,0
8.9440546e-05,0
0.0009883073,0
0.31028473,0
0.7848557,1
0.3306918,0
0.0019621646,0
0.507472,1
0.005831631,0
0.004731204,0
0.27737755,0
0.15344957,0
0.69302183,1
0.0018526256,0
0.00014424116,0
0.6881855,1
0.108789906,0
0.10146252,0
0.29667595,1
0.9630621,1
0.9828149,1
0.24009891,0
0.9652225,1
0.017737139,0
0.0031751827,0
0.040754117,0
0.03753171,0
0.9879615,1
0.00010574582,0
0.9994728,1
0.010115647,0
0.036606975,0
0.011704626,0
0.049547587,0
0.0069680037,0
0.0015917418,0
0.46115074,0
0.064082004,0
0.9994466,1
0.09686816,0
0.058799874,0
0.006569609,0
0.013667727,0
0.08437903,0
0.00014157785,0
0.9917291,1
0.010615056,0
0.020031242,0
0.0077515347,0
0.0029794176,0
0.25853068,0
0.06634761,0
0.1524202,0
0.004257913,0
0.59602296,0
0.69621927,0
0.73905665,0
0.07676614,0
0.2534043,0
0.99003774,1
0.01481962,0
0.0009785515,0
0.00030123547,0
0.017694652,0
0.0025974642,0
0.89728516,1
0.000416196,0
0.88469046,1
0.99684656,1
0.4002692,0
0.018151013,0
0.23627245,0
0.062903285,0
0.009219279,0
0.004549019,0
0.039790787,0
0.99415004,1
0.17025878,0
0.0016431927,0
0.00062942854,0
0.12633996,0
0.12280697,1
0.049567632,0
0.25015363,0
0.005750339,0
0.017747235,0
7.148838e-05,0
0.1346365,1
0.71267736,1
0.009250896,0
0.38233218,0
0.5745975,1
0.7901337,1
0.9536848,1
0.21422294,0
0.0022430932,0
0.10428355,0
0.3799393,1
0.09008936,0
0.07334297,0
0.005903847,0
0.008013127,0
0.06601442,0
0.78066933,1
0.015894685,0
0.22052202,1
0.8850767,0
0.048047096,0
0.0017530334,0
0.016643643,0
0.41093665,1
0.3694993,0
0.0836558,0
0.18829903,0
0.0011464718,0
0.016764853,0
0.32055542,0
0.039148714,0
0.0709108,0
0.03322906,0
0.022735119,0
0.58859605,1
0.3956271,1
0.36349878,0
0.07835063,0
0.0067302086,0
0.00032356015,0
0.9311451,1
0.0008538589,0
0.56716394,1
7.817281e-05,0
0.067112096,0
0.0053422702,0
0.00018320912,0
0.02691499,0
0.0011335328,0
0.003534351,0
0.99789697,1
0.00040565323,0
0.02631129,0
0.72126216,1
0.8028223,0
0.092278786,1
0.43701857,0
0.08915847,0
0.40309533,0
0.035304528,0
0.13332725,1
0.15706462,0
0.019688118,0
0.29056492,0
0.08119136,0
0.015931064,0
0.049626354,0
0.08843902,0
0.1914291,0
0.22602239,0
0.6359844,1
0.09620407,1
0.01989077,0
0.00020963489,0
0.19367829,1
0.0033938934,0
0.14366627,1
0.019700343,0
0.00017359578,0
0.7061828,1
0.5421675,1
0.004743428,0
0.0004110842,0
0.7802713,1
0.01581906,0
0.102861084,0
0.6691135,1
0.08092988,1
0.02505064,0
0.0014035525,0
0.025976906,0
0.07312735,0
0.74161565,1
0.32251412,1
0.37072206,1
0.75665593,1
0.00016275658,0
0.10406019,1
0.0021181905,0
0.36060905,0
0.7368747,1
0.028935522,0
0.17500328,0
0.006788903,0
0.46725577,1
0.00018302265,0
0.0063784407,0
0.6200753,1
0.07852241,0
0.07504291,1
0.0015808714,0
0.0017694959,0
0.018598026,0
0.040889956,0
0.39724898,0
0.9921196,1
0.00016142738,0
0.55793095,1
0.017270846,0
0.0696514,0
0.22554898,1
0.30302274,0
0.6962865,0
0.010933763,0
0.7143354,1
0.02707226,0
0.025975,0
0.023823095,0
0.05779255,0
0.03689405,0
0.016424965,0
0.45096555,0
0.00032478804,0
0.99870193,1
0.00012761027,0
0.17103042,0
0.12510858,0
0.19985746,0
0.03602985,0
0.0048204623,0
0.55370253,1
0.661624,0
0.42275637,0
